hose_in,scfm,visc_cP,vol_gal,pre_psi,time_min,peak_gpm,avg_gpm,avg_pressure_psig,time_50pct_min,time_90pct_min,note
2.0,10,1,5000,10,55.322379784710066,206.0438058669276,90.3201284900115,1.8642754656380112,19.966666666666665,46.96666666666667,
2.0,10,1,5000,15,47.06561610814842,247.0894487167917,106.1684110769482,2.9737673837429677,15.933333333333334,39.2,
2.0,10,1,5000,20,39.86255269989113,282.3735889864207,125.32305556885728,4.411248445820185,13.433333333333334,32.9,
2.0,10,1,6500,10,88.22012364608204,211.1340874861756,73.66239992204636,0.5908537710271865,39.2,77.36666666666666,
2.0,10,1,6500,15,85.98487466104503,251.3724509413431,75.58029986329325,0.7521771599440971,36.96666666666667,75.13333333333334,
2.0,10,1,6500,20,83.7499872547421,286.1420813786566,77.59990956196354,0.9280586962520605,34.766666666666666,72.9,
2.0,10,50,5000,10,58.83799485291301,160.5997752510486,84.892783507789,2.5515340294547384,22.9,49.46666666666667,
2.0,10,50,5000,15,51.052748872404685,195.7343193639251,97.85330049600479,3.8508268023764383,19.366666666666667,42.6,
2.0,10,50,5000,20,44.71372626612098,226.265275829831,111.7021845918086,5.388461612584684,16.733333333333334,37.4,
2.0,10,50,6500,10,91.60872902612212,164.9320044079865,70.92046617665014,1.0490577959140701,40.43333333333333,79.46666666666667,
2.0,10,50,6500,15,89.37386174973744,199.425305705744,72.6965430178523,1.2553653049386855,38.233333333333334,77.2,
2.0,10,50,6500,20,87.13953167740588,229.5419686256766,74.56274992042451,1.476165952831909,36.06666666666667,75.0,
2.0,10,100,5000,10,64.77595909225185,173.3408275772055,77.13144496263115,2.856960731668759,24.0,54.43333333333333,
2.0,10,100,5000,15,56.26343517882198,198.1585012572099,88.81670979832629,3.817496979559322,18.833333333333332,46.233333333333334,
2.0,10,100,5000,20,48.408968717616936,218.0920933128034,103.1651328101185,5.113298271608125,15.733333333333333,39.1,
2.0,10,100,6500,10,97.74762710830191,176.6471815815102,66.47666774002705,1.8617147127392422,43.63333333333333,84.76666666666667,
2.0,10,100,6500,15,95.51254770020071,200.5936275012373,68.03313555305,2.013634780727804,41.43333333333333,82.53333333333333,
2.0,10,100,6500,20,93.27768710186915,220.2473327210441,69.66347978419022,2.1862369115482188,39.2,80.3,
2.0,10,500,5000,10,101.58637354220262,65.33022620923359,49.19569877900116,8.08611951286499,46.43333333333333,87.83333333333333,
2.0,10,500,5000,15,93.33303507953204,91.43153220908704,53.55318953158986,8.956346147517722,39.733333333333334,79.8,
2.0,10,500,5000,20,85.49917053412136,116.6318420697654,58.45958774391914,9.93940882282009,34.13333333333333,72.26666666666667,
2.0,10,500,6500,10,134.47375410126327,68.36682478872154,48.315191963388486,7.618153424466291,63.4,117.43333333333334,
2.0,10,500,6500,15,132.24534037466205,94.36007030359772,49.13360256259623,7.790055607291735,61.2,115.23333333333333,
2.0,10,500,6500,20,130.0208553296471,119.4630915302235,49.98008418827667,7.968309824568135,59.0,113.0,
2.0,10,1000,5000,10,133.81761839062764,39.18190455738712,37.34787259601556,12.38569858222438,65.66666666666667,117.0,
2.0,10,1000,5000,15,125.58489383891718,48.08170508116185,39.796064524380185,13.301299059799986,58.56666666666667,108.93333333333334,
2.0,10,1000,5000,20,117.7016012224269,62.12746384578181,42.4554347392091,14.296388347346543,52.266666666666666,101.26666666666667,
2.0,10,1000,6500,10,167.23712430402082,40.73982221355753,38.84999315531519,12.614515461548024,80.76666666666667,146.63333333333333,
2.0,10,1000,6500,15,165.01575669532443,49.69703768649048,39.37667576025348,12.81583396929232,78.56666666666666,144.4,
2.0,10,1000,6500,20,162.80006098552596,63.72588799109917,39.909871321900816,13.022233194671509,76.4,142.2,
2.0,10,2000,5000,10,220.018364130159,24.48012801343759,22.717556392486074,15.043400408717194,106.23333333333333,192.26666666666668,
2.0,10,2000,5000,15,174.06222829835832,30.51413270636317,28.716673139675922,19.299348803817825,86.33333333333333,152.63333333333333,
2.0,10,2000,5000,20,164.68692813909144,31.62422352773893,30.34949184030696,20.47892936419683,79.46666666666667,144.0,
2.0,10,2000,6500,10,277.5829333685885,25.41806185267134,23.409965980830904,15.216645399085024,132.36666666666667,243.26666666666668,
2.0,10,2000,6500,15,216.89466474864383,31.65369434032288,29.961009545077506,19.835182846151863,104.8,190.43333333333334,
2.0,10,2000,6500,20,211.25269795568266,32.45129229351734,30.75985475435179,20.405139764364964,102.13333333333334,185.7,
2.0,10,5000,5000,10,,10.06665645906247,,,,,DNF (368 gal left)
2.0,10,5000,5000,15,407.6695714690453,12.92116218739912,12.261012453440111,20.345429420569424,197.86666666666667,359.7,
2.0,10,5000,5000,20,332.6713472520939,15.75716194352687,15.024899791149243,25.184149514142053,161.96666666666667,293.4,
2.0,10,5000,6500,10,,10.41379248444808,,,,,DNF (1730 gal left)
2.0,10,5000,6500,15,,13.27479102189737,,,,,DNF (411 gal left)
2.0,10,5000,6500,20,425.24478092167186,16.1210524704589,15.28161613031444,25.296116119332382,206.03333333333333,376.0,
2.0,15,1,5000,10,42.31510044104076,206.0438058669276,118.04202651043204,3.348885126434189,17.4,36.63333333333333,
2.0,15,1,5000,15,37.4055532523494,247.0894487167917,133.48266518080615,4.60966236745222,14.633333333333333,32.03333333333333,
2.0,15,1,5000,20,33.19170321297718,282.3735889864207,150.48006521024888,6.107064170090326,12.7,28.266666666666666,
2.0,15,1,6500,10,63.7508182874789,211.1340874861756,101.91129713090778,1.960787665119019,29.133333333333333,56.233333333333334,
2.0,15,1,6500,15,62.26635801192729,251.3724509413431,104.37133762133664,2.1769554773272173,27.7,54.733333333333334,
2.0,15,1,6500,20,60.785918670317955,286.1420813786566,106.89634769635623,2.4119651690043327,26.3,53.266666666666666,
2.0,15,50,5000,10,46.739687609233336,160.5997752510486,106.85515958062952,4.4671208380691,20.633333333333333,40.7,
2.0,15,50,5000,15,42.473987603711734,195.7343193639251,117.57761315708181,5.820491969926865,17.866666666666667,36.733333333333334,
2.0,15,50,5000,20,38.723156816141596,226.265275829831,129.00286820807946,7.311483878799592,15.666666666666666,33.333333333333336,
2.0,15,50,6500,10,67.2852888406764,164.9320044079865,96.55319543849103,2.94134159776895,31.266666666666666,59.2,
2.0,15,50,6500,15,65.84264277841304,199.425305705744,98.65990876497905,3.2209202585352004,29.933333333333334,57.8,
2.0,15,50,6500,20,64.41666291065039,229.5419686256766,100.8602628616952,3.5154287539441182,28.666666666666668,56.36666666666667,
2.0,15,100,5000,10,48.85502315461985,173.3408275772055,102.26437826256365,4.320265127208838,20.033333333333335,41.7,
2.0,15,100,5000,15,43.517353445063044,198.1585012572099,114.77810778890073,5.476601950684125,16.766666666666666,36.63333333333333,
2.0,15,100,5000,20,38.772312976440645,218.0920933128034,128.76233799779789,6.947255612405034,14.733333333333333,32.36666666666667,
2.0,15,100,6500,10,70.64706242887135,176.6471815815102,91.95741489184938,3.2883126958174165,32.266666666666666,61.6,
2.0,15,100,6500,15,69.15900501684635,200.5936275012373,93.95370295649377,3.4919571263379225,30.8,60.13333333333333,
2.0,15,100,6500,20,67.6730508741324,220.2473327210441,95.9917232360333,3.7249331001870982,29.366666666666667,58.63333333333333,
2.0,15,500,5000,10,80.04943280286963,65.50897757982723,62.423015705585755,10.588512801429262,38.36666666666667,69.76666666666667,
2.0,15,500,5000,15,74.59560782990917,91.43153220908704,66.99773111683027,11.507823637876646,33.8,64.43333333333334,
2.0,15,500,5000,20,69.40353445802347,116.6318420697654,71.9827016793834,12.522958981749502,29.833333333333332,59.43333333333333,
2.0,15,500,6500,10,102.14762041040714,68.36682478872154,63.601335361881965,10.507516361887099,48.93333333333333,89.5,
2.0,15,500,6500,15,100.66588369009,94.36007030359772,64.55223664742125,10.703363548490387,47.5,88.0,
2.0,15,500,6500,20,99.18835538337139,119.4630915302235,65.50968852827198,10.906121326895565,46.06666666666667,86.53333333333333,
2.0,15,1000,5000,10,114.17425794219623,47.40516593770671,43.768511693812926,14.719853989022385,55.6,99.56666666666666,
2.0,15,1000,5000,15,101.30793793564712,51.34716077454969,49.324679353555105,16.748980771756763,49.333333333333336,88.53333333333333,
2.0,15,1000,5000,20,96.02377415007065,62.12746384578181,52.046563818661745,17.76407541966825,44.9,83.36666666666666,
2.0,15,1000,6500,10,142.69191531472578,49.44877539505276,45.537866602449796,15.034381504176773,68.03333333333333,124.73333333333333,
2.0,15,1000,6500,15,128.0621293543143,52.92296641584795,50.74030730512289,16.911519064075645,61.9,112.36666666666666,
2.0,15,1000,6500,20,126.58911883183077,63.72588799109917,51.329541055873875,17.137340141137976,60.46666666666667,110.9,
2.0,15,2000,5000,10,216.66572962030867,24.81890429849586,23.07044955228375,15.29673074927599,103.9,189.16666666666666,
2.0,15,2000,5000,15,167.96981637314119,31.7373706591341,29.75326505040322,20.051540012104024,81.13333333333334,146.76666666666668,
2.0,15,2000,5000,20,138.55918573640932,38.26746079712829,36.0730958969239,24.553034072610856,67.83333333333333,121.26666666666667,
2.0,15,2000,6500,10,274.7300651329733,25.70510600120014,23.654068524650153,15.389181123545642,130.8,240.7,
2.0,15,2000,6500,15,213.13747651752502,32.67149845972201,30.485629769436102,20.214829629036135,102.2,186.93333333333334,
2.0,15,2000,6500,20,174.7502854175795,39.40903656744918,37.183602456092785,24.95684737140349,84.33333333333333,153.4,
2.0,15,5000,5000,10,,10.11548020023719,,,,,DNF (344 gal left)
2.0,15,5000,5000,15,405.1929912598295,12.99453294492275,12.336589249783659,20.477347656233874,196.3,357.4,
2.0,15,5000,5000,20,330.22422860070554,15.86360478766114,15.137074396570771,25.380365300226142,160.36666666666667,291.1333333333333,
2.0,15,5000,6500,10,,10.45839911506123,,,,,DNF (1711 gal left)
2.0,15,5000,6500,15,,13.34091662371168,,,,,DNF (384 gal left)
2.0,15,5000,6500,20,422.948651870138,16.21434703483005,15.364690150024808,25.44098005284599,204.83333333333334,373.93333333333334,
2.0,17,1,5000,10,39.4085031219028,206.0438058669276,126.72171793896982,3.9006210383365114,16.7,34.3,
2.0,17,1,5000,15,35.20168070448246,247.0894487167917,141.81589419909204,5.191508898523977,14.233333333333333,30.366666666666667,
2.0,17,1,5000,20,31.577299550897,282.3735889864207,158.10295731447914,6.696466284627456,12.433333333333334,27.066666666666666,
2.0,17,1,6500,10,58.18285748560428,211.1340874861756,111.6547126018951,2.530295665841435,26.833333333333332,51.4,
2.0,17,1,6500,15,56.877841711163654,251.3724509413431,114.21358071133001,2.764320384537563,25.6,50.1,
2.0,17,1,6500,20,55.57871714610015,286.1420813786566,116.8897971008038,3.0181425924428003,24.366666666666667,48.8,
2.0,17,50,5000,10,44.28177460038448,160.5997752510486,112.80335473082745,5.1681836001787405,19.933333333333334,38.766666666666666,
2.0,17,50,5000,15,40.524274096518866,195.7343193639251,123.27852652873044,6.508050876791465,17.366666666666667,35.233333333333334,
2.0,17,50,5000,20,37.16057959648127,226.265275829831,134.43705905493954,7.980626199096666,15.333333333333334,32.13333333333333,
2.0,17,50,6500,10,62.386372642009356,164.9320044079865,104.13282972069395,3.794936525462151,29.366666666666667,55.1,
2.0,17,50,6500,15,61.12961960505713,199.425305705744,106.29532095415257,4.0828681949563705,28.2,53.86666666666667,
2.0,17,50,6500,20,59.88978475577502,229.5419686256766,108.48932208853594,4.38557232305667,27.1,52.63333333333333,
2.0,17,100,5000,10,45.09938453191497,173.3408275772055,110.79958194063047,4.861304443470205,19.033333333333335,38.7,
2.0,17,100,5000,15,40.500255754055615,198.1585012572099,123.26939813200181,6.080368184855424,16.2,34.333333333333336,
2.0,17,100,5000,20,36.461088481745,218.0920933128034,136.99661797516603,7.605551554040177,14.433333333333334,30.7,
2.0,17,100,6500,10,64.26766755363275,176.6471815815102,101.0582330779893,3.8433163343910173,29.566666666666666,56.13333333333333,
2.0,17,100,6500,15,62.95641400383775,200.5936275012373,103.20102168398918,4.067222320550801,28.3,54.833333333333336,
2.0,17,100,6500,20,61.64821486591905,220.2473327210441,105.37845584130575,4.323409343991541,27.033333333333335,53.53333333333333,
2.0,17,500,5000,10,74.55607641439852,69.89222609473245,67.0259388152937,11.47161503652858,36.2,65.13333333333334,
2.0,17,500,5000,15,69.7515018606626,91.43153220908704,71.6376640990209,12.404211817587418,32.13333333333333,60.43333333333333,
2.0,17,500,5000,20,65.1722393009204,116.6318420697654,76.65475785518345,13.427914936017334,28.566666666666666,56.0,
2.0,17,500,6500,10,94.13668657594869,72.46468815214824,69.00302481671979,11.546727875952078,45.333333333333336,82.56666666666666,
2.0,17,500,6500,15,92.83039805357728,94.36007030359772,69.99716767584697,11.749563413246525,44.03333333333333,81.23333333333333,
2.0,17,500,6500,20,91.52831200073564,119.4630915302235,70.99462984802739,11.959504412364678,42.766666666666666,79.93333333333334,
2.0,17,1000,5000,10,112.94532227655365,47.89639491953496,44.24604765529112,14.897228451440165,54.6,98.4,
2.0,17,1000,5000,15,94.9080477887891,55.16906400300029,52.64937745206445,17.95887903421458,46.733333333333334,83.1,
2.0,17,1000,5000,20,90.23555414701826,62.12746384578181,55.37105229166172,18.979529570476743,42.8,78.53333333333333,
2.0,17,1000,6500,10,141.88928071394125,49.80666291092412,45.794464450134704,15.129054685342595,67.53333333333333,124.0,
2.0,17,1000,6500,15,118.68666040961249,57.01967328036676,54.743334241375315,18.365373632467733,57.63333333333333,104.2,
2.0,17,1000,6500,20,117.38787099037874,63.72588799109917,55.35082023629988,18.596619632848466,56.36666666666667,102.93333333333334,
2.0,17,2000,5000,10,215.96232908190535,24.89246436468915,23.14520032606358,15.350656917043612,103.43333333333334,188.53333333333333,
2.0,17,2000,5000,15,167.218510064181,31.86405528853502,29.88953845876443,20.14784190874919,80.6,146.03333333333333,
2.0,17,2000,5000,20,137.13239315209233,38.66539510261893,36.44973607840273,24.824222144915925,66.6,119.86666666666666,
2.0,17,2000,6500,10,,25.77029832174083,,,,,DNF (653 gal left)
2.0,17,2000,6500,15,212.52274946795765,32.77521228895482,30.576365662575714,20.277528096126243,101.83333333333333,186.36666666666667,
2.0,17,2000,6500,20,173.94955256012918,39.67168794739847,37.3545190706736,25.079880520399374,83.76666666666667,152.63333333333333,
2.0,17,5000,5000,10,,10.12695718343097,,,,,DNF (339 gal left)
2.0,17,5000,5000,15,404.6321102910112,13.01154194325598,12.353835857649603,20.50737945171823,195.93333333333334,356.9,
2.0,17,5000,5000,20,329.6935106022665,15.88744485487795,15.161537939941546,25.42322018347584,160.03333333333333,290.6666666666667,
2.0,17,5000,6500,10,,10.46894062207821,,,,,DNF (1706 gal left)
2.0,17,5000,6500,15,,13.35643321219407,,,,,DNF (377 gal left)
2.0,17,5000,6500,20,422.41851606089836,16.2358687213509,15.384066529049623,25.47457837531803,204.53333333333333,373.46666666666664,
2.0,19,1,5000,10,37.128040517928795,206.0438058669276,134.5615308419323,4.430913849151258,16.1,32.43333333333333,
2.0,19,1,5000,15,33.44706535097172,247.0894487167917,149.29521292546468,5.744214930041878,13.866666666666667,28.966666666666665,
2.0,19,1,5000,20,30.261000812448216,282.3735889864207,165.0584463932419,7.255750629347728,12.233333333333333,26.066666666666666,
2.0,19,1,6500,10,53.8373952492161,211.1340874861756,120.63449591291351,3.1013775523496405,25.033333333333335,47.63333333333333,
2.0,19,1,6500,15,52.675061661304234,251.3724509413431,123.31171061479321,3.351040090978968,23.933333333333334,46.46666666666667,
2.0,19,1,6500,20,51.520264199936136,286.1420813786566,126.10767910518054,3.62128107908011,22.866666666666667,45.333333333333336,
2.0,19,50,5000,10,42.292757707350304,160.5997752510486,118.13436994930247,5.829032949010335,19.333333333333332,37.166666666666664,
2.0,19,50,5000,15,38.8808193211297,195.7343193639251,128.45487507939137,7.152229875449483,16.9,33.93333333333333,
2.0,19,50,5000,20,35.79454575183372,226.265275829831,139.5663793766051,8.611835705439246,15.0,31.033333333333335,
2.0,19,50,6500,10,58.617405189289634,164.9320044079865,110.81894934760965,4.6317948417673485,27.833333333333332,51.9,
2.0,19,50,6500,15,57.49741003230158,199.425305705744,113.00886950796823,4.920931151140546,26.8,50.8,
2.0,19,50,6500,20,56.39253532481783,229.5419686256766,115.21828221742157,5.225699568192964,25.8,49.7,
2.0,19,100,5000,10,42.117838499836616,173.3408275772055,118.5974150657019,5.383373819862535,18.2,36.3,
2.0,19,100,5000,15,38.10317214616503,198.1585012572099,131.02375600410969,6.662381834250796,15.733333333333333,32.5,
2.0,19,100,5000,20,34.62252209854648,218.0920933128034,144.24668989545742,8.234002585525756,14.2,29.366666666666667,
2.0,19,100,6500,10,59.22134237483245,176.6471815815102,109.69721574831317,4.389124574147129,27.433333333333334,51.833333333333336,
2.0,19,100,6500,15,58.05030429843027,200.5936275012373,111.90484480580919,4.634152686425126,26.3,50.63333333333333,
2.0,19,100,6500,20,56.8836752310858,220.2473327210441,114.20050594713713,4.913838546894829,25.2,49.5,
2.0,19,500,5000,10,70.05139780231029,74.69241966349804,71.32975308131073,12.305565715219236,34.36666666666667,61.333333333333336,
2.0,19,500,5000,15,65.7568033787211,91.43153220908704,75.9933254924616,13.249090083291247,30.7,57.1,
2.0,19,500,5000,20,61.65938413555467,116.6318420697654,81.04586689117161,14.280164369574543,27.466666666666665,53.13333333333333,
2.0,19,500,6500,10,87.65048294255001,77.61816160920074,74.1174994367163,12.534783814901614,42.36666666666667,76.93333333333334,
2.0,19,500,6500,15,86.48275086036455,94.36007030359772,75.12120223337475,12.744198471100079,41.233333333333334,75.76666666666667,
2.0,19,500,6500,20,85.31894092060132,119.4630915302235,76.15164004580326,12.96032257139027,40.1,74.6,
2.0,19,1000,5000,10,112.16353517791981,48.19627672024973,44.5611127643803,15.011666989731332,54.03333333333333,97.66666666666667,
2.0,19,1000,5000,15,89.70919998678572,58.88594095611126,55.701828550419364,19.073754605483508,44.56666666666667,78.6,
2.0,19,1000,5000,20,85.40429582781786,62.12746384578181,58.50337151412165,20.1237944231197,41.0,74.46666666666667,
2.0,19,1000,6500,10,141.31872188074206,50.03885312675876,45.97790112188588,15.196866216459696,67.23333333333333,123.46666666666667,
2.0,19,1000,6500,15,111.42324435968006,60.94873149692145,58.3129953400412,19.6667147269933,54.1,97.73333333333333,
2.0,19,1000,6500,20,109.86118035565272,63.72588799109917,59.14510100447482,19.97649398574514,52.96666666666667,96.4,
2.0,19,2000,5000,10,215.42306576646132,24.94973827043319,23.202494445593402,15.39226703257638,103.1,188.03333333333333,
2.0,19,2000,5000,15,166.67496614825964,31.95723800024602,29.985211949532214,20.218065187046673,80.23333333333333,145.53333333333333,
2.0,19,2000,5000,20,136.38661329723536,38.85478993880223,36.64559794693171,24.96832606395569,66.03333333333333,119.16666666666667,
2.0,19,2000,6500,10,,25.82143795899205,,,,,DNF (642 gal left)
2.0,19,2000,6500,15,212.05021405774218,32.85415629604304,30.64362218606355,20.325931868253463,101.6,185.93333333333334,
2.0,19,2000,6500,20,173.44302544574765,39.80879326194871,37.46215381387008,25.15787590889223,83.46666666666667,152.2,
2.0,19,5000,5000,10,,10.13602699356688,,,,,DNF (334 gal left)
2.0,19,5000,5000,15,404.19572008219166,13.02490600184042,12.367097836151355,20.530879040674087,195.66666666666666,356.5,
2.0,19,5000,5000,20,329.2822418240502,15.90610193268784,15.179945253486991,25.45645843236345,159.76666666666668,290.26666666666665,
2.0,19,5000,6500,10,,10.47726808547057,,,,,DNF (1703 gal left)
2.0,19,5000,6500,15,,13.36868114041916,,,,,DNF (372 gal left)
2.0,19,5000,6500,20,422.0027055877715,16.25280593060078,15.39869376532443,25.501044533525903,204.33333333333334,373.1,
2.0,25,1,5000,10,32.42790179598345,206.0438058669276,154.05347930059057,5.911887209353896,14.8,28.566666666666666,
2.0,25,1,5000,15,29.74162241661735,247.0894487167917,167.85167193593952,7.265902243576521,13.033333333333333,26.033333333333335,
2.0,25,1,5000,20,27.384812281724315,282.3735889864207,182.32817638467483,8.784752672373394,11.666666666666666,23.833333333333332,
2.0,25,1,6500,10,45.06965724708838,211.1340874861756,144.07183758149873,4.792372619311639,21.366666666666667,40.0,
2.0,25,1,6500,15,44.19983788536775,251.3724509413431,147.00464055763297,5.07863503568805,20.566666666666666,39.13333333333333,
2.0,25,1,6500,20,43.3397638866169,286.1420813786566,149.84482220480396,5.386216981129753,19.766666666666666,38.3,
2.0,25,50,5000,10,37.63107004684335,160.5997752510486,132.77392098778458,7.583661820317909,17.7,33.266666666666666,
2.0,25,50,5000,15,34.88837829618585,195.7343193639251,143.16782179943357,8.893854544575303,15.766666666666667,30.666666666666668,
2.0,25,50,5000,20,32.42758926298352,226.265275829831,154.04596739248404,10.347171957579603,14.2,28.333333333333332,
2.0,25,50,6500,10,50.46484595877918,164.9320044079865,128.74027039483886,6.847913009002676,24.266666666666666,44.833333333333336,
2.0,25,50,6500,15,49.60078127863258,199.425305705744,130.91293739670797,7.140113684674758,23.433333333333334,44.0,
2.0,25,50,6500,20,48.74727315483214,229.5419686256766,133.2430951459497,7.451470349911169,22.666666666666668,43.13333333333333,
2.0,25,100,5000,10,36.003080331256164,173.3408275772055,138.665315556461,6.890981720832128,16.466666666666665,31.333333333333332,
2.0,25,100,5000,15,33.26262071817815,198.1585012572099,150.18423180935687,8.331849844771781,14.8,28.8,
2.0,25,100,5000,20,30.969516286546117,218.0920933128034,161.15845324123254,9.99794871003925,13.6,26.733333333333334,
2.0,25,100,6500,10,48.879460188318916,176.6471815815102,132.86475030072853,6.011453187201102,23.066666666666666,42.93333333333333,
2.0,25,100,6500,15,48.00376123842832,200.5936275012373,135.26496213383692,6.32879655196717,22.233333333333334,42.06666666666667,
2.0,25,100,6500,20,47.13861320009443,220.2473327210441,137.7528001378889,6.685164906703702,21.466666666666665,41.2,
2.0,25,500,5000,10,61.0598713841633,87.95114787619934,81.84320175676154,14.369194483311846,30.266666666666666,53.46666666666667,
2.0,25,500,5000,15,56.99287057456534,91.53617008799628,87.67790895969318,15.547631569424741,27.433333333333334,49.766666666666666,
2.0,25,500,5000,20,53.87293318635308,116.6318420697654,92.7202115936044,16.594437765916748,24.9,46.733333333333334,
2.0,25,500,6500,10,75.57980073446691,91.93679387895934,85.94678108402412,14.864084317103023,36.333333333333336,66.2,
2.0,25,500,6500,15,72.940742367326,94.36007030359772,89.04877634409694,15.482264299628195,35.166666666666664,64.03333333333333,
2.0,25,500,6500,20,72.05847479703674,119.4630915302235,90.16402323215443,15.71284412746188,34.3,63.13333333333333,
2.0,25,1000,5000,10,110.83090026380849,48.71153894228204,45.09671055632816,15.210193649845143,53.06666666666667,96.43333333333334,
2.0,25,1000,5000,15,86.35791605491538,61.90577407388051,57.871371811680284,19.878802446438826,41.833333333333336,75.33333333333333,
2.0,25,1000,5000,20,74.6175187145368,70.02952934678115,66.9083352932443,23.231212666044193,36.766666666666666,65.36666666666666,
2.0,25,1000,6500,10,140.22754362943166,50.46537970819912,46.33814478317149,15.327392245473204,66.63333333333334,122.5,
2.0,25,1000,6500,15,109.17965045335977,63.81478625184143,59.50611890652917,20.113928322601122,52.333333333333336,95.6,
2.0,25,1000,6500,20,93.56581195223036,72.05603250163469,69.39727519453112,23.746895759084886,45.56666666666667,82.23333333333333,
2.0,25,2000,5000,10,214.356546965461,25.0650746774845,23.317846472923836,15.475002918390091,102.4,187.03333333333333,
2.0,25,2000,5000,15,165.65567739860774,32.13644267129908,30.172124307051153,20.350647974575864,79.56666666666666,144.6,
2.0,25,2000,5000,20,135.24023475045868,39.14693354828432,36.95258077800434,25.19228110514354,65.2,118.1,
2.0,25,2000,6500,10,,25.9256210380739,,,,,DNF (621 gal left)
2.0,25,2000,6500,15,211.10915714493683,33.01090590134275,30.77904125001403,20.422877967558716,101.1,185.1,
2.0,25,2000,6500,20,172.51652310621017,40.04445095001363,37.664635954617296,25.301261935229434,82.93333333333334,151.33333333333334,
2.0,25,5000,5000,10,,10.15451598838746,,,,,DNF (326 gal left)
2.0,25,5000,5000,15,403.3145566089515,13.05212816513657,12.393684072299981,20.57829949686319,195.13333333333333,355.6666666666667,
2.0,25,5000,5000,20,328.46463415877884,15.94379149501619,15.218424071653928,25.522869765261273,159.26666666666668,289.53333333333336,
2.0,25,5000,6500,10,,10.49429642415902,,,,,DNF (1696 gal left)
2.0,25,5000,6500,15,,13.39368823029189,,,,,DNF (361 gal left)
2.0,25,5000,6500,20,421.15718626856767,16.28729092376072,15.430321244317927,25.554873644836583,203.9,372.3333333333333,
2.0,30,1,5000,10,29.8521129080234,206.0438058669276,167.2919941808023,7.048471365628639,13.966666666666667,26.4,
2.0,30,1,5000,15,27.651192463249597,247.0894487167917,180.58406748377664,8.422263239925524,12.466666666666667,24.333333333333332,
2.0,30,1,5000,20,25.70256674002695,282.3735889864207,194.14608024558743,9.941336156140308,11.266666666666667,22.5,
2.0,30,1,6500,10,40.44458901139153,211.1340874861756,160.5551213264502,6.156824063533352,19.4,35.96666666666667,
2.0,30,1,6500,15,39.728361548941834,251.3724509413431,163.52165301654637,6.464957449774592,18.733333333333334,35.266666666666666,
2.0,30,1,6500,20,39.02217371502393,286.1420813786566,166.463870198474,6.794461927589892,18.1,34.56666666666667,
2.0,30,50,5000,10,34.6780615617619,160.5997752510486,143.9976140233679,8.883458141696337,16.7,30.766666666666666,
2.0,30,50,5000,15,32.409771444191996,195.7343193639251,154.0544987387397,10.208490625127489,15.033333333333333,28.6,
2.0,30,50,5000,20,30.362381877333835,226.265275829831,164.5262891446675,11.664594638137324,13.666666666666666,26.666666666666668,
2.0,30,50,6500,10,45.51763195047179,164.9320044079865,142.682492163003,8.447494663656524,22.1,40.5,
2.0,30,50,6500,15,44.80327728021867,199.425305705744,144.91996075313665,8.757108868253656,21.4,39.8,
2.0,30,50,6500,20,44.098861865564615,229.5419686256766,147.33242629976897,9.086154823597347,20.766666666666666,39.1,
2.0,30,100,5000,10,32.99016924137858,173.3408275772055,151.40829577935514,8.140967763998393,15.6,28.933333333333334,
2.0,30,100,5000,15,30.9112393180068,198.1585012572099,161.51514366678217,9.661019462533318,14.233333333333333,27.0,
2.0,30,100,5000,20,29.153956715349068,218.0920933128034,171.28813427834916,11.363614772527121,13.233333333333333,25.4,
2.0,30,100,6500,10,43.69078395729753,176.6471815815102,148.66518900541394,7.484350404121019,20.933333333333334,38.53333333333333,
2.0,30,100,6500,15,42.988328016136535,200.5936275012373,151.08885188068302,7.856224362963388,20.3,37.833333333333336,
2.0,30,100,6500,20,42.30239697290887,220.2473327210441,153.47299745477494,8.265987709377203,19.7,37.166666666666664,
2.0,30,500,5000,10,59.54235005404332,90.59386962987384,83.90183371036167,14.792394082853033,28.966666666666665,52.0,
2.0,30,500,5000,15,51.915349903024534,100.2425907876481,96.229177403021,17.261995371520133,25.433333333333334,45.46666666666667,
2.0,30,500,5000,20,49.30954397490715,116.6318420697654,101.29995101195037,18.317895921409757,23.266666666666666,42.93333333333333,
2.0,30,500,6500,10,74.68619667423711,94.20437760442152,86.98173003163248,15.073210508463184,35.666666666666664,65.36666666666666,
2.0,30,500,6500,15,65.35183496678,103.4111055694944,99.39733278298371,17.548222253072513,31.7,57.43333333333333,
2.0,30,500,6500,20,64.61786503410507,119.4630915302235,100.52963739583598,17.7883549326596,31.0,56.7,
2.0,30,1000,5000,10,110.21136136463299,48.95836540435739,45.34222543437424,15.304029109146395,52.666666666666664,95.83333333333333,
2.0,30,1000,5000,15,85.61234372218273,62.38517580107279,58.36639860547227,20.0669551423641,41.266666666666666,74.6,
2.0,30,1000,5000,20,70.68795747412078,75.09611333202605,70.6939671264985,24.613083077121146,34.5,61.766666666666666,
2.0,30,1000,6500,10,139.67400744762827,50.67986852423426,46.51508393144687,15.394349413845248,66.33333333333333,122.0,
2.0,30,1000,6500,15,108.63167327775614,64.1817911901387,59.816030805583395,20.224523919377884,52.0,95.1,
2.0,30,1000,6500,20,89.2774615370436,77.224267869568,72.76507211026662,24.982914806514103,43.03333333333333,78.26666666666667,
2.0,30,2000,5000,10,213.81010788521698,25.12543817010475,23.37603904564318,15.517734668328997,102.06666666666666,186.53333333333333,
2.0,30,2000,5000,15,165.1519324607022,32.22739002905469,30.26338293324406,20.41665721359505,79.23333333333333,144.13333333333333,
2.0,30,2000,5000,20,134.7351024295397,39.2804996839176,37.08974157009752,25.292220238515647,64.86666666666666,117.63333333333334,
2.0,30,2000,6500,10,,25.98063369098303,,,,,DNF (609 gal left)
2.0,30,2000,6500,15,210.62072823460332,33.09243774847206,30.8520228879455,20.47345725487045,100.83333333333333,184.66666666666666,
2.0,30,2000,6500,20,172.05336266555818,40.15995861896906,37.76670225929975,25.373369731540585,82.7,150.93333333333334,
2.0,30,5000,5000,10,,10.16429933543072,,,,,DNF (321 gal left)
2.0,30,5000,5000,15,402.8562971487225,13.06649225480228,12.408029279865223,20.603070691069316,194.86666666666667,355.26666666666665,
2.0,30,5000,5000,20,328.0416370466073,15.96354286943257,15.237014880408937,25.557312575941076,159.0,289.1333333333333,
2.0,30,5000,6500,10,,10.50329507614049,,,,,DNF (1692 gal left)
2.0,30,5000,6500,15,,13.40690900192324,,,,,DNF (356 gal left)
2.0,30,5000,6500,20,420.713155542072,16.30547723699212,15.446231785549166,25.58324540609539,203.66666666666666,371.93333333333334,
2.0,35,1,5000,10,27.928729453266136,206.0438058669276,178.85909765160386,8.118101668573066,13.333333333333334,24.8,
2.0,35,1,5000,15,26.059607456568568,247.0894487167917,191.65810782345594,9.504482524257329,12.0,23.0,
2.0,35,1,5000,20,24.39250063315192,282.3735889864207,204.73645000977498,11.025705124398698,10.933333333333334,21.433333333333334,
2.0,35,1,6500,10,37.10291903695866,211.1340874861756,174.96297771725594,7.475622858373876,17.966666666666665,33.03333333333333,
2.0,35,1,6500,15,36.49515132757473,251.3724509413431,177.9965012633941,7.800100473403993,17.4,32.43333333333333,
2.0,35,1,6500,20,35.89711862167521,286.1420813786566,180.9794714671492,8.146213060548625,16.833333333333332,31.833333333333332,
2.0,35,50,5000,10,32.442257951517014,160.5997752510486,153.9002615048217,10.104007977869284,15.866666666666667,28.866666666666667,
2.0,35,50,5000,15,30.505780380294883,195.7343193639251,163.63853406113628,11.439013296482454,14.4,27.0,
2.0,35,50,5000,20,28.7479317257034,226.265275829831,173.67888942948164,12.894876639748887,13.2,25.333333333333332,
2.0,35,50,6500,10,41.88053670089562,164.9320044079865,155.04861122280093,9.975821543461132,20.466666666666665,37.333333333333336,
2.0,35,50,6500,15,41.27270799270298,199.425305705744,157.31141569108232,10.298861824532613,19.9,36.733333333333334,
2.0,35,50,6500,20,40.674230727446016,229.5419686256766,159.6368319160564,10.640886657523302,19.366666666666667,36.13333333333333,
2.0,35,100,5000,10,30.97454661716645,173.3408275772055,161.17570896801067,9.375309698074993,14.933333333333334,27.3,
2.0,35,100,5000,15,29.293588082412466,198.1585012572099,170.51561142708152,10.940838133063162,13.8,25.733333333333334,
2.0,35,100,5000,20,27.852124842565818,218.0920933128034,179.2794586912084,12.659248980680685,12.9,24.4,
2.0,35,100,6500,10,40.27761803356039,176.6471815815102,161.20267904654796,9.045930524088257,19.533333333333335,35.63333333333333,
2.0,35,100,6500,15,39.699312364453,200.5936275012373,163.64066303794576,9.455837976435145,19.0,35.06666666666667,
2.0,35,100,6500,20,39.1384377726703,220.2473327210441,165.87450849976935,9.900830779460826,18.533333333333335,34.53333333333333,
2.0,35,500,5000,10,58.903068295561546,91.48765929826104,84.80218165020777,14.977240081116475,28.466666666666665,51.36666666666667,
2.0,35,500,5000,15,48.026959445892736,109.4208039920135,103.9609562983271,18.841050693077836,23.866666666666667,42.166666666666664,
2.0,35,500,5000,20,45.78313080366827,116.6318420697654,109.11245410926628,19.90498415676596,21.966666666666665,40.0,
2.0,35,500,6500,10,74.24660164567892,94.86873887807393,87.48877447384741,15.17678340100611,35.4,64.96666666666667,
2.0,35,500,6500,15,59.68593388702566,113.1692771327946,108.8287069808671,19.460850577821567,29.1,52.5,
2.0,35,500,6500,20,59.03903947964294,119.4630915302235,109.9996459141571,19.714468250673043,28.5,51.86666666666667,
2.0,35,1000,5000,10,109.79140234567103,49.12924741819926,45.52091709894473,15.368031322704969,52.36666666666667,95.46666666666667,
2.0,35,1000,5000,15,85.17247359966483,62.67131968322487,58.662882720824655,20.179245078108256,40.93333333333333,74.2,
2.0,35,1000,5000,20,69.94511901680798,75.85575327685368,71.43394221601223,24.895689256829556,33.86666666666667,61.03333333333333,
2.0,35,1000,6500,10,139.28414588256422,50.83135331502866,46.648494504517465,15.441718527835876,66.13333333333334,121.66666666666667,
2.0,35,1000,6500,15,108.2661187666293,64.41779019892972,60.01834557906305,20.298778926913602,51.8,94.76666666666667,
2.0,35,1000,6500,20,88.83789785354139,77.73262594190327,73.11956396759179,25.117426740744285,42.733333333333334,77.86666666666666,
2.0,35,2000,5000,10,213.42596585117332,25.16844055359988,23.41973088214111,15.547901527227104,101.83333333333333,186.2,
2.0,35,2000,5000,15,164.80316129986787,32.29146768153004,30.324626475266168,20.46260554169951,79.0,143.83333333333334,
2.0,35,2000,5000,20,134.39588631351526,39.3718639279268,37.1906444742478,25.359242354130448,64.63333333333334,117.3,
2.0,35,2000,6500,10,,26.02000339002485,,,,,DNF (601 gal left)
2.0,35,2000,6500,15,210.274692684962,33.15046027144319,30.900989691515854,20.509470304034405,100.66666666666667,184.36666666666667,
2.0,35,2000,6500,20,171.72749323672585,40.24092088142541,37.839915622359655,25.42416144285041,82.53333333333333,150.63333333333333,
2.0,35,5000,5000,10,,10.17132878989289,,,,,DNF (318 gal left)
2.0,35,5000,5000,15,402.53109446642634,13.07675043306314,12.418287492362431,20.62066775015959,194.66666666666666,354.96666666666664,
2.0,35,5000,5000,20,327.74316207644,15.97762507730385,15.250958473582775,25.58167863293652,158.83333333333334,288.8666666666667,
2.0,35,5000,6500,10,,10.50974406335994,,,,,DNF (1689 gal left)
2.0,35,5000,6500,15,,13.41636429682109,,,,,DNF (352 gal left)
2.0,35,5000,6500,20,420.39603072670997,16.31850052424112,15.458434232612325,25.60348493448261,203.5,371.6333333333333,
2.0,40,1,5000,10,26.41684791540365,206.0438058669276,189.01448769929723,9.133765315019076,12.8,23.5,
2.0,40,1,5000,15,24.78924828763258,247.0894487167917,201.44733859809705,10.528377557733107,11.6,21.933333333333334,
2.0,40,1,5000,20,23.32876357880845,282.3735889864207,214.09070993035596,12.049317251009652,10.633333333333333,20.566666666666666,
2.0,40,1,6500,10,34.55165052762918,211.1340874861756,187.93792672560133,8.74985902107696,16.833333333333332,30.8,
2.0,40,1,6500,15,34.0242735359586,251.3724509413431,190.89119552524858,9.087476756248737,16.333333333333332,30.3,
2.0,40,1,6500,20,33.50601507331515,286.1420813786566,193.75689715131242,9.44600546319768,15.866666666666667,29.766666666666666,
2.0,40,50,5000,10,30.670218360916785,165.6261829145595,162.7554740009111,11.261203155738306,15.2,27.366666666666667,
2.0,40,50,5000,15,28.978172118442014,195.7343193639251,172.28658235826896,12.603046274303829,13.9,25.733333333333334,
2.0,40,50,5000,20,27.434601352455267,226.265275829831,181.89993351530543,14.057743417669009,12.8,24.266666666666666,
2.0,40,50,6500,10,39.07245464783902,170.3641679484514,166.14703969731522,11.442074147291784,19.2,34.86666666666667,
2.0,40,50,6500,15,38.54374024689252,199.425305705744,168.4518871176379,11.775296500187935,18.733333333333334,34.333333333333336,
2.0,40,50,6500,20,38.02349334990482,229.5419686256766,170.81880890945843,12.127678638516286,18.233333333333334,33.833333333333336,
2.0,40,100,5000,10,29.496276242480583,173.7276867303393,169.36641071062468,10.58373274360986,14.433333333333334,26.1,
2.0,40,100,5000,15,28.075596894066848,198.1585012572099,177.8002602541139,12.175975864784306,13.433333333333334,24.766666666666666,
2.0,40,100,5000,20,26.840724832574516,218.0920933128034,185.95398775094247,13.901293873478178,12.633333333333333,23.633333333333333,
2.0,40,100,6500,10,37.84358000907169,177.0622176292364,171.55758015983832,10.634605662722125,18.5,33.56666666666667,
2.0,40,100,6500,15,37.35310839863293,200.5936275012373,173.85463901243094,11.07013856136543,18.066666666666666,33.1,
2.0,40,100,6500,20,36.879298785305465,220.2473327210441,176.05871884236726,11.53794801198908,17.666666666666668,32.63333333333333,
2.0,40,500,5000,10,58.50988670108332,92.02947717468363,85.38033155064466,15.09259681190034,28.166666666666668,51.0,
2.0,40,500,5000,15,46.43741415509235,114.7524575474914,107.55197891142896,19.57693195918427,22.766666666666666,40.63333333333333,
2.0,40,500,5000,20,42.95100941353393,120.4450504722197,116.30532317380612,21.385057815627423,20.9,37.6,
2.0,40,500,6500,10,73.94283653037913,95.30081454012353,87.84323243077314,15.248826721060482,35.233333333333334,64.7,
2.0,40,500,6500,15,58.37500162029733,118.6260396956091,111.25469323414966,19.969986781836568,28.1,51.2,
2.0,40,500,6500,20,54.66799618434842,123.2989374282205,118.77702770185036,21.521015852397156,26.533333333333335,48.06666666666667,
2.0,40,1000,5000,10,109.4862233092179,49.25538571534378,45.64548337587821,15.414845493782996,52.2,95.16666666666667,
2.0,40,1000,5000,15,84.872618121867,62.87066804561236,58.870306484206665,20.25648568629127,40.733333333333334,73.93333333333334,
2.0,40,1000,5000,20,69.569791480423,76.21720771911296,71.80986154677358,25.040592545140168,33.6,60.7,
2.0,40,1000,6500,10,138.9941627108272,50.94430920275772,46.74905703929824,15.477114687711625,65.96666666666667,121.4,
2.0,40,1000,6500,15,107.99974829122003,64.58842106987248,60.16639470608172,20.35316417737491,51.666666666666664,94.53333333333333,
2.0,40,1000,6500,20,88.56481121111185,78.00539554245358,73.36662197433286,25.201115500790234,42.56666666666667,77.63333333333334,
2.0,40,2000,5000,10,213.13938435915935,25.20067529078236,23.449086293480732,15.570385704267403,101.66666666666667,185.93333333333334,
2.0,40,2000,5000,15,164.544699618142,32.33922467718283,30.373588721959173,20.496478568016453,78.86666666666666,143.6,
2.0,40,2000,5000,20,134.15125170049097,39.43882206083659,37.25525103956726,25.40788126136561,64.5,117.1,
2.0,40,2000,6500,10,,26.04957564796611,,,,,DNF (595 gal left)
2.0,40,2000,6500,15,210.01588166063752,33.19387046675205,30.940172809151168,20.53640808672356,100.53333333333333,184.13333333333333,
2.0,40,2000,6500,20,171.48636310798784,40.30108607289104,37.89140400240586,25.462023395582783,82.4,150.43333333333334,
2.0,40,5000,5000,10,,10.17658617070549,,,,,DNF (315 gal left)
2.0,40,5000,5000,15,402.2881349669153,13.08443784143649,12.425500180937616,20.633819647273103,194.5,354.73333333333335,
2.0,40,5000,5000,20,327.52229571132415,15.98814818700805,15.261870929186978,25.599836213028684,158.7,288.6666666666667,
2.0,40,5000,6500,10,,10.51458888663628,,,,,DNF (1687 gal left)
2.0,40,5000,6500,15,,13.42346874188495,,,,,DNF (349 gal left)
2.0,40,5000,6500,20,420.15911269729366,16.32826000079374,15.46701956271621,25.618664101974733,203.36666666666667,371.43333333333334,
2.0,55,1,5000,10,23.27051817526825,218.3465137229789,214.43587116536293,11.940045814378593,11.633333333333333,20.8,
2.0,55,1,5000,15,22.0895344445953,247.0894487167917,226.05029021596786,13.347104101920632,10.7,19.666666666666668,
2.0,55,1,5000,20,21.0156863427861,282.3735889864207,237.50816946494584,14.86250868724255,9.933333333333334,18.633333333333333,
2.0,55,1,6500,10,29.472480246545135,224.9006333071415,220.20079102925018,12.342672843693103,14.566666666666666,26.333333333333332,
2.0,55,1,6500,15,29.095294546073166,251.3724509413431,223.22257631251398,12.705649004112916,14.2,25.966666666666665,
2.0,55,1,6500,20,28.72541818620157,286.1420813786566,226.08552575327528,13.089388969689503,13.866666666666667,25.6,
2.0,55,50,5000,10,27.157016004291567,190.9244407597328,183.9156952224259,14.239101842642816,13.7,24.266666666666666,
2.0,55,50,5000,15,25.71574621674388,197.2007284761094,194.1489615488265,15.8009741537123,12.7,22.933333333333334,
2.0,55,50,5000,20,24.577942636115267,226.265275829831,203.08815873290723,17.252705358847695,11.866666666666667,21.866666666666667,
2.0,55,50,6500,10,34.18783326922557,197.1113599367895,189.93874716255664,14.85942598610861,16.833333333333332,30.5,
2.0,55,50,6500,15,33.02106553620038,201.0488499756585,196.64633213667926,15.891706436249704,16.266666666666666,29.5,
2.0,55,50,6500,20,32.647336352924,229.5419686256766,198.86448480246668,16.264447789613005,15.933333333333334,29.133333333333333,
2.0,55,100,5000,10,26.640578138126653,193.5621441942499,187.37090525720654,13.987974666520213,13.366666666666667,23.733333333333334,
2.0,55,100,5000,15,25.59671243108223,198.7072774271709,195.1541446681747,15.668899191462783,12.6,22.733333333333334,
2.0,55,100,5000,20,24.701781981191733,218.0920933128034,201.99188358567017,17.391717500038126,11.966666666666667,21.9,
2.0,55,100,6500,10,33.680138647834646,198.5648305408159,192.75987189399876,14.795113340225083,16.6,29.966666666666665,
2.0,55,100,6500,15,32.928238877842816,201.4625982698316,197.24042360547026,15.793548379147575,16.2,29.333333333333332,
2.0,55,100,6500,20,32.59911823819383,220.2473327210441,199.26087993160718,16.290641753135915,15.933333333333334,29.0,
2.0,55,500,5000,10,57.866219569703134,92.93821370206274,86.36214974700158,15.284615995502236,27.733333333333334,50.4,
2.0,55,500,5000,15,45.49370759148055,116.9898623678965,109.83081494970062,20.042142207732454,22.0,39.733333333333334,
2.0,55,500,5000,20,37.998002860796404,139.1723652605859,131.50621274190712,24.563555490779233,18.6,33.266666666666666,
2.0,55,500,6500,10,73.39170505310406,96.06909848489995,88.52007514241171,15.380669237574262,34.93333333333333,64.2,
2.0,55,500,6500,15,57.774672157532464,120.1982096345611,112.40796789206235,20.209935111847777,27.733333333333334,50.666666666666664,
2.0,55,500,6500,20,48.02228347966023,142.9706707100468,135.25903301897696,24.964290612005538,23.233333333333334,42.2,
2.0,55,1000,5000,10,108.92295912676376,49.49338825475505,45.882629902876836,15.501862993265869,51.833333333333336,94.66666666666667,
2.0,55,1000,5000,15,84.34468440929118,63.23129507331926,59.24185745026647,20.393344078442727,40.4,73.43333333333334,
2.0,55,1000,5000,20,69.00958749708339,76.76902410811738,72.39853694402407,25.259113821600526,33.2,60.166666666666664,
2.0,55,1000,6500,10,138.44474253545872,51.15968022769316,46.9290966985996,15.544562964694698,65.7,120.9,
2.0,55,1000,6500,15,107.50284623847982,64.90667581518832,60.427569811506835,20.455358662234797,51.4,94.1,
2.0,55,1000,6500,20,88.08635375135492,78.46447557480762,73.75494873043225,25.34895153164732,42.333333333333336,77.2,
2.0,55,2000,5000,10,212.60057518326485,25.26227735868928,23.50791523509877,15.612931219273023,101.33333333333333,185.43333333333334,
2.0,55,2000,5000,15,164.0666119122466,32.42978589430429,30.466055976708837,20.56004005852198,78.56666666666666,143.13333333333333,
2.0,55,2000,5000,20,133.70286901573658,39.56449744181151,37.37602789608823,25.497616871722485,64.2,116.66666666666667,
2.0,55,2000,6500,10,,26.10614854564789,,,,,DNF (584 gal left)
2.0,55,2000,6500,15,209.52465768639468,33.27685802482642,31.013911389127777,20.58776070449398,100.26666666666667,183.7,
2.0,55,2000,6500,20,171.029312458155,40.41535213222632,37.99471029878745,25.53387140890574,82.16666666666667,150.03333333333333,
2.0,55,5000,5000,10,,10.1866617784242,,,,,DNF (311 gal left)
2.0,55,5000,5000,15,401.82956608291767,13.09915986533461,12.439985474577766,20.6588115718269,194.23333333333332,354.3,
2.0,55,5000,5000,20,327.0999807807909,16.00831683462023,15.281974747975974,25.634263288024172,158.43333333333334,288.26666666666665,
2.0,55,5000,6500,10,,10.5238897069732,,,,,DNF (1683 gal left)
2.0,55,5000,6500,15,,13.43707364579352,,,,,DNF (343 gal left)
2.0,55,5000,6500,20,419.70745180728346,16.34692432380678,15.4830232437035,25.647632855815605,203.13333333333333,371.03333333333336,
2.0,60,1,5000,10,22.504069636636267,226.8363115044712,221.72925501595702,12.812926017581606,11.3,20.133333333333333,
2.0,60,1,5000,15,21.42019957954035,247.0894487167917,233.08101610526685,14.221873094399065,10.466666666666667,19.1,
2.0,60,1,5000,20,20.431459052237184,282.3735889864207,244.4582941225752,15.73624541929073,9.766666666666667,18.166666666666668,
2.0,60,1,6500,10,28.28367662867635,234.1268756651996,229.52218572802772,13.474355074295401,14.033333333333333,25.3,
2.0,60,1,6500,15,27.93929055321727,251.3724509413431,232.28162471308104,13.843743224597853,13.7,24.933333333333334,
2.0,60,1,6500,20,27.60151413478677,286.1420813786566,235.0972829164594,14.232773804749476,13.4,24.6,
2.0,60,50,5000,10,26.85179788775512,193.3687434716381,185.96544247660515,14.552554001925818,13.433333333333334,23.966666666666665,
2.0,60,50,5000,15,24.905008517004084,203.6600089901204,200.3814418800672,16.79200642250226,12.4,22.266666666666666,
2.0,60,50,5000,20,23.857113338501602,226.265275829831,209.31929224491944,18.24180041629445,11.6,21.233333333333334,
2.0,60,50,6500,10,34.04344170057427,198.5938171653844,190.68519446660665,14.983829186356699,16.733333333333334,30.366666666666667,
2.0,60,50,6500,15,31.71139482863217,208.569308254841,204.70011223971025,17.179056098923592,15.666666666666666,28.333333333333332,
2.0,60,50,6500,20,31.369681003047653,229.5419686256766,206.88474676984097,17.556340239420006,15.366666666666667,28.0,
2.0,60,100,5000,10,26.34887291262675,196.1522773104575,189.49471876867682,14.440367451676646,13.133333333333333,23.433333333333334,
2.0,60,100,5000,15,24.987341580525,203.2949751259032,199.8389422287492,16.77376889505622,12.4,22.233333333333334,
2.0,60,100,5000,20,24.16014712454982,218.0920933128034,206.72007230514322,18.491475401021955,11.8,21.466666666666665,
2.0,60,100,6500,10,33.55831582945772,199.8990059699137,193.52200227589938,14.954733589874062,16.5,29.866666666666667,
2.0,60,100,6500,15,31.902420306731504,207.101985941609,203.4189330516936,17.30634472511995,15.766666666666667,28.433333333333334,
2.0,60,100,6500,20,31.601562783179215,220.2473327210441,205.35276578061277,17.805863391158688,15.5,28.133333333333333,
2.0,60,500,5000,10,57.7353516151997,93.12799193386697,86.51200513943847,15.324344243073911,27.633333333333333,50.3,
2.0,60,500,5000,15,45.353511280736804,117.3076928217162,110.1532425042793,20.112968743950944,21.9,39.6,
2.0,60,500,5000,20,37.72692635500838,140.1633947782524,132.43352415723464,24.766461527382916,18.366666666666667,33.03333333333333,
2.0,60,500,6500,10,73.27244124567056,96.23529952929154,88.64103427125099,15.40953946517787,34.86666666666667,64.1,
2.0,60,500,6500,15,57.662567947725535,120.4527969130132,112.66668845406043,20.254903642400233,27.666666666666668,50.56666666666667,
2.0,60,500,6500,20,47.87530647171833,143.6026147320225,135.63564475711726,25.0534236368628,23.1,42.06666666666667,
2.0,60,1000,5000,10,108.80096074229307,49.54594160697162,45.92495929193077,15.520894700940014,51.766666666666666,94.56666666666666,
2.0,60,1000,5000,15,84.23335331482205,63.30922182246714,59.31207949722408,20.42244441198677,40.333333333333336,73.33333333333333,
2.0,60,1000,5000,20,68.90048372443064,76.88039324444844,72.50365953205998,25.302235895284074,33.13333333333333,60.06666666666667,
2.0,60,1000,6500,10,138.32397274041833,51.20755428995829,46.97422730246513,15.559512238985855,65.63333333333334,120.8,
2.0,60,1000,6500,15,107.39364200870425,64.97669556963838,60.502213732160456,20.47781658995097,51.333333333333336,94.0,
2.0,60,1000,6500,20,87.98389157219711,78.5617427785817,73.83866116669239,25.38076995701992,42.266666666666666,77.1,
2.0,60,2000,5000,10,212.48199812727134,25.2759852761655,23.522616596411968,15.62231988465338,101.26666666666667,185.33333333333334,
2.0,60,2000,5000,15,163.9624299448904,32.44986266863476,30.48478644788855,20.574000670727358,78.5,143.06666666666666,
2.0,60,2000,5000,20,133.60576279409224,39.59213789136074,37.403965147847934,25.517097462426005,64.13333333333334,116.6,
2.0,60,2000,6500,10,,26.11876702931053,,,,,DNF (581 gal left)
2.0,60,2000,6500,15,209.415806838492,33.29529158867712,31.028724749081718,20.599163713241587,100.2,183.6,
2.0,60,2000,6500,20,170.92864103680833,40.44062544550966,38.01696431267909,25.549782244759083,82.1,149.93333333333334,
2.0,60,5000,5000,10,,10.18891012089514,,,,,DNF (310 gal left)
2.0,60,5000,5000,15,401.727515200576,13.10245130190433,12.443081350563252,20.664347245073117,194.16666666666666,354.23333333333335,
2.0,60,5000,5000,20,327.00704254980684,16.01277581377075,15.285150535341748,25.641879751474967,158.4,288.2,
2.0,60,5000,6500,10,,10.52595973064869,,,,,DNF (1682 gal left)
2.0,60,5000,6500,15,,13.4401036576448,,,,,DNF (342 gal left)
2.0,60,5000,6500,20,419.6074330224537,16.35107994989523,15.486721626761922,25.65406879156066,203.1,370.93333333333334,
3.0,10,1,5000,10,49.670997553532516,519.4177197798648,100.6410811413131,0.07083154191006553,12.333333333333334,40.666666666666664,
3.0,10,1,5000,15,40.72972357391085,622.135716991883,122.77966616313846,0.6274356927522423,7.566666666666666,31.7,
3.0,10,1,5000,20,31.789047913004968,710.4004360449111,157.21023990569716,1.4655730181681834,5.866666666666666,22.8,
3.0,10,1,6500,10,82.79308125982816,532.1591937523737,78.55343129668927,-0.7012924073797753,35.166666666666664,71.5,
3.0,10,1,6500,15,80.55776192908539,632.8513359225251,80.7491148353089,-0.620700799252663,32.93333333333333,69.26666666666667,
3.0,10,1,6500,20,78.32243866226337,719.8259363360628,83.06693714526963,-0.5339617588297496,30.7,67.03333333333333,
3.0,10,50,5000,10,51.96468922105119,434.8444766047789,96.2285015246937,0.30826891950909446,13.033333333333333,41.36666666666667,
3.0,10,50,5000,15,43.02342768375738,527.0143787162457,116.19366250391174,0.9294121537552409,8.966666666666667,32.43333333333333,
3.0,10,50,5000,20,34.08387003225947,606.8277811122692,146.58398040146366,1.845069126712473,7.0,23.566666666666666,
3.0,10,50,6500,10,85.08677300174887,446.2307069383349,76.4155210663985,-0.5370529681036522,35.56666666666667,72.2,
3.0,10,50,6500,15,82.85145402409931,536.6759598779466,78.48977052326998,-0.4465981049134717,33.333333333333336,69.96666666666667,
3.0,10,50,6500,20,80.61613704003047,615.3802801674981,80.67800197761254,-0.3495002887285353,31.1,67.73333333333333,
3.0,10,100,5000,10,53.95822798201813,407.1716841776853,92.66027903404583,0.4763217122575797,13.866666666666667,42.6,
3.0,10,100,5000,15,45.017205735051334,495.3554021647137,111.03327401041221,1.0694768683908564,8.8,33.666666666666664,
3.0,10,100,5000,20,36.08348098470788,571.878233790182,138.46984459594646,1.9331903143372835,7.1,24.866666666666667,
3.0,10,100,6500,10,87.0802944739448,418.053210895501,74.65606294900394,-0.3059634234021088,36.4,73.43333333333334,
3.0,10,100,6500,15,84.84498142018225,504.6113100673504,76.63602958575184,-0.21784825900972582,34.13333333333333,71.2,
3.0,10,100,6500,20,82.60966145531665,580.0858766960677,78.71998569330894,-0.12299620133731928,31.9,68.96666666666667,
3.0,10,500,5000,10,65.42755264537205,284.3696882086492,76.41437440571951,2.2230259431523547,21.466666666666665,52.0,
3.0,10,500,5000,15,56.5931473705727,381.8828749327598,88.34826864195028,2.8164197388067334,15.366666666666667,43.333333333333336,
3.0,10,500,5000,20,47.99115638738667,470.8617354986625,104.17834846975171,3.5874908085997173,11.433333333333334,35.233333333333334,
3.0,10,500,6500,10,98.52028149552466,296.0474358354599,65.98094925605342,1.4248589267550478,42.2,82.56666666666666,
3.0,10,500,6500,15,96.28496727176653,392.457267737336,67.52562011420186,1.5174452388839532,39.96666666666667,80.33333333333333,
3.0,10,500,6500,20,94.05030654765359,480.5960957789988,69.14283778997226,1.6147531024911341,37.733333333333334,78.1,
3.0,10,1000,5000,10,76.73496869898129,163.3777407668884,65.11877422125265,4.032112483281276,28.966666666666665,62.233333333333334,
3.0,10,1000,5000,15,68.12275781957499,227.7079847079834,73.37406084507127,4.723215343590065,22.6,53.86666666666667,
3.0,10,1000,5000,20,59.879427726637395,289.4003556842219,83.46229316137715,5.559978220887316,17.866666666666667,46.13333333333333,
3.0,10,1000,6500,10,109.70962576633623,170.8863103751392,59.2307304509538,3.2323533896382797,48.266666666666666,92.46666666666667,
3.0,10,1000,6500,15,107.47466149766329,234.8973382782343,60.47031553488605,3.348463267720418,46.06666666666667,90.23333333333333,
3.0,10,1000,6500,20,105.24010929136281,296.3080256463711,61.76192524639057,3.4691838685816623,43.833333333333336,88.0,
3.0,10,2000,5000,10,94.88539512183766,85.48066010608613,52.67064393358015,6.755991675310529,40.56666666666667,79.13333333333334,
3.0,10,2000,5000,15,86.50103803259438,121.1263041135646,57.76523230371776,7.545902407786062,33.9,70.96666666666667,
3.0,10,2000,5000,20,78.51116521570901,156.3035653010796,63.65038876499665,8.447584654063833,28.4,63.333333333333336,
3.0,10,2000,6500,10,127.75787834640393,89.58531674239678,50.86349301592056,6.142523502006493,58.233333333333334,108.86666666666666,
3.0,10,2000,6500,15,125.52640778771504,125.1763954071373,51.77268430417441,6.291295762270128,56.0,106.63333333333334,
3.0,10,2000,6500,20,123.29663536053243,160.3012110518304,52.71412387635902,6.44456780068084,53.833333333333336,104.43333333333334,
3.0,10,5000,5000,10,134.17902983409007,39.55339794084794,37.24634458192951,12.224303830499824,64.83333333333333,115.73333333333333,
3.0,10,5000,5000,15,125.92479749571802,49.40743911083053,39.691239870516206,13.119389305623784,57.7,107.63333333333334,
3.0,10,5000,5000,20,118.01155350406765,64.11131247360527,42.348205820114245,14.090757546455386,51.4,99.96666666666667,
3.0,10,5000,6500,10,167.55744671347333,41.11652534183492,38.78061364998634,12.40993625301623,80.0,145.33333333333334,
3.0,10,5000,6500,15,165.33461140420468,51.09227606344299,39.29790413355289,12.606097671116702,77.8,143.13333333333333,
3.0,10,5000,6500,20,163.11845282733773,65.79231233656176,39.83666112831918,12.806031435296543,75.63333333333334,140.9,
3.0,15,1,5000,10,34.071482057567785,519.4177197798648,146.61177579967497,0.6067521190520101,9.766666666666667,28.066666666666666,
3.0,15,1,5000,15,28.120821444628184,622.135716991883,177.65381581517082,1.3867597518661445,7.0,22.166666666666668,
3.0,15,1,5000,20,22.28428929802613,710.4004360449111,224.00148890357573,2.5477502310161313,5.666666666666667,16.8,
3.0,15,1,6500,10,56.152287988731466,532.1591937523737,115.77481555578825,-0.35730926999000173,24.133333333333333,48.63333333333333,
3.0,15,1,6500,15,54.66207266474392,632.8513359225251,118.97610265503701,-0.24910344308693583,22.633333333333333,47.13333333333333,
3.0,15,1,6500,20,53.17186017676728,719.8259363360628,122.28082667302377,-0.13121942702635464,21.166666666666668,45.63333333333333,
3.0,15,50,5000,10,35.646470398369736,434.8444766047789,140.14167372197602,0.9531982748635778,10.933333333333334,28.566666666666666,
3.0,15,50,5000,15,29.71657043365748,527.0143787162457,168.070729326489,1.8466245943918007,8.266666666666667,22.866666666666667,
3.0,15,50,5000,20,24.072842991160265,606.8277811122692,207.29581738989432,3.110393801325753,6.7,18.266666666666666,
3.0,15,50,6500,10,57.7258066960414,446.2307069383349,112.61003097602497,-0.15858163809236292,24.433333333333334,49.1,
3.0,15,50,6500,15,56.23559992529145,536.6759598779466,115.56754610376221,-0.03156522393449348,22.933333333333334,47.6,
3.0,15,50,6500,20,54.74535755853003,615.3802801674981,118.75108487257421,0.10470843528552333,21.466666666666665,46.1,
3.0,15,100,5000,10,37.42163402556428,407.1716841776853,133.53122076383346,1.0982918149376797,10.9,29.766666666666666,
3.0,15,100,5000,15,31.47774360969323,495.3554021647137,158.65247484024047,1.921220134722202,8.133333333333333,23.9,
3.0,15,100,5000,20,25.654792959009633,571.878233790182,194.6345927945114,3.0972615853779395,6.866666666666666,18.6,
3.0,15,100,6500,10,59.5015898531045,418.053210895501,109.20249776158848,0.1304091377809546,25.166666666666668,50.3,
3.0,15,100,6500,15,58.01139487944065,504.6113100673504,112.04551354656674,0.2501164426275231,23.666666666666668,48.8,
3.0,15,100,6500,20,56.52116057010123,580.0858766960677,115.0352671708993,0.37971095598823923,22.166666666666668,47.3,
3.0,15,500,5000,10,47.97792697854156,284.3696882086492,104.14753178927127,3.3355129406030306,17.366666666666667,38.63333333333333,
3.0,15,500,5000,15,42.20534626606437,381.8828749327598,118.37490867056648,4.0395778700159175,13.333333333333334,33.03333333333333,
3.0,15,500,5000,20,36.68268376541248,470.8617354986625,136.2218069774978,4.918127511731286,10.466666666666667,27.9,
3.0,15,500,6500,10,69.98327973791842,296.0474358354599,92.86137964334134,2.4901132117536684,30.5,58.86666666666667,
3.0,15,500,6500,15,68.49323083217844,392.457267737336,94.9160352305078,2.6051069276772916,29.0,57.36666666666667,
3.0,15,500,6500,20,67.00324509352212,480.5960957789988,97.01271953561942,2.726950947602469,27.533333333333335,55.86666666666667,
3.0,15,1000,5000,10,58.24616411242682,163.3777407668884,85.7837896742317,5.592044849547846,23.7,47.766666666666666,
3.0,15,1000,5000,15,52.61575709644189,227.7079847079834,94.97087784434684,6.360858622552149,19.4,42.3,
3.0,15,1000,5000,20,47.254217189811655,289.4003556842219,105.75571065901768,7.259369390921584,15.966666666666667,37.266666666666666,
3.0,15,1000,6500,10,80.16622700153742,170.8863103751392,81.0673617937519,4.865232653624599,35.86666666666667,67.7,
3.0,15,1000,6500,15,78.67723011024984,234.8973382782343,82.59000419176832,5.00479066987937,34.4,66.2,
3.0,15,1000,6500,20,77.18922398284515,296.3080256463711,84.20597991709312,5.149331685584058,32.93333333333333,64.73333333333333,
3.0,15,2000,5000,10,74.06962248986716,85.48066010608613,67.45145840400694,8.929796353764818,33.36666666666667,62.2,
3.0,15,2000,5000,15,68.5370833442765,121.1263041135646,72.8962741950111,9.771053823461687,28.8,56.8,
3.0,15,2000,5000,20,63.25565775376562,156.3035653010796,79.0040782259043,10.7074817147608,24.9,51.733333333333334,
3.0,15,2000,6500,10,96.04740185265943,89.58531674239678,67.64254349760031,8.581448783478784,44.4,81.9,
3.0,15,2000,6500,15,94.56198961473623,125.1763954071373,68.72033877164705,8.75218168501944,42.93333333333333,80.43333333333334,
3.0,15,2000,6500,20,93.07939457756835,160.3012110518304,69.8085315640232,8.928256713004364,41.5,78.96666666666667,
3.0,15,5000,5000,10,113.28732891465533,48.55204219605309,44.117552058017885,14.686843103621824,54.43333333333333,97.3,
3.0,15,5000,5000,15,101.672004692446,51.99625483242312,49.14803534118426,16.516577508178695,48.53333333333333,87.3,
3.0,15,5000,5000,20,96.3648063323473,64.11131247360527,51.86749180861593,17.50511548941319,44.1,82.13333333333334,
3.0,15,5000,6500,10,140.87910462970675,50.72191835632117,46.12035904341557,15.017515809014332,66.36666666666666,121.6,
3.0,15,5000,6500,15,128.37975712952965,53.55227513624519,50.609261296509,16.61726962743328,61.166666666666664,111.13333333333334,
3.0,15,5000,6500,20,126.90511363187072,65.79231233656176,51.19551036813139,16.83573803408869,59.733333333333334,109.66666666666667,
3.0,17,1,5000,10,30.485986645981733,519.4177197798648,163.88598146795906,0.8403257973144177,9.233333333333333,25.2,
3.0,17,1,5000,15,25.262567600087934,622.135716991883,197.76544188378776,1.7023100151455626,6.833333333333333,20.066666666666666,
3.0,17,1,5000,20,20.26685743792575,710.4004360449111,246.03193648778773,2.953322779761096,5.6,15.633333333333333,
3.0,17,1,6500,10,49.96613674593467,532.1591937523737,130.1267899201133,-0.19562003118407262,21.6,43.333333333333336,
3.0,17,1,6500,15,48.65113554608638,632.8513359225251,133.63366144097182,-0.07601583171577585,20.266666666666666,42.0,
3.0,17,1,6500,20,47.336234780096085,719.8259363360628,137.32669225908973,0.05390790978142034,18.966666666666665,40.7,
3.0,17,50,5000,10,31.88863619654815,434.8444766047789,156.668712109245,1.2589523846593875,10.466666666666667,25.8,
3.0,17,50,5000,15,26.779842201758,527.0143787162457,186.44636991486283,2.2421528337509007,8.066666666666666,21.1,
3.0,17,50,5000,20,22.152136584266135,606.8277811122692,225.3556940161206,3.5652399588946655,6.6,17.333333333333332,
3.0,17,50,6500,10,51.3464539105726,446.2307069383349,126.5580567165837,0.05337030457043336,21.966666666666665,43.8,
3.0,17,50,6500,15,50.031557507610664,536.6759598779466,129.95417010489984,0.19330104167678921,20.633333333333333,42.5,
3.0,17,50,6500,20,48.716675722539506,615.3802801674981,133.4406724873839,0.3448704469586265,19.333333333333332,41.166666666666664,
3.0,17,100,5000,10,33.553740209087366,407.1716841776853,148.8924776606565,1.355402444363446,10.266666666666667,26.8,
3.0,17,100,5000,15,28.33452801561667,495.3554021647137,176.14708871175682,2.265309380463281,7.966666666666667,21.7,
3.0,17,100,5000,20,23.316504190629317,571.878233790182,214.0629053459397,3.541402387954756,6.766666666666667,17.3,
3.0,17,100,6500,10,53.03256143456607,418.053210895501,122.57634962446828,0.31493092258087413,22.533333333333335,44.86666666666667,
3.0,17,100,6500,15,51.71766894160626,504.6113100673504,125.67918193486253,0.4482620515505104,21.233333333333334,43.56666666666667,
3.0,17,100,6500,20,50.40276056872195,580.0858766960677,128.937357114664,0.5924821953611726,19.9,42.233333333333334,
3.0,17,500,5000,10,43.815321462205134,284.3696882086492,114.03996878127442,3.7421724846709328,16.333333333333332,35.43333333333333,
3.0,17,500,5000,15,38.76182658694697,381.8828749327598,128.95151771571514,4.478691620332416,12.733333333333333,30.566666666666666,
3.0,17,500,5000,20,33.94807347138723,470.8617354986625,147.17298747881824,5.385494235986773,10.166666666666666,26.1,
3.0,17,500,6500,10,63.20853346648153,296.0474358354599,102.79374952122808,2.8945443151624097,27.7,53.233333333333334,
3.0,17,500,6500,15,61.893842015956146,392.457267737336,105.03049010697906,3.017149110708923,26.4,51.9,
3.0,17,500,6500,20,60.579384543738655,480.5960957789988,107.3054814336858,3.1472116843836035,25.1,50.6,
3.0,17,1000,5000,10,53.69924378356394,163.3777407668884,93.0756956746519,6.146869491743621,22.3,44.2,
3.0,17,1000,5000,15,48.75861295523696,227.7079847079834,102.49673509886526,6.937222848184254,18.466666666666665,39.4,
3.0,17,1000,5000,20,44.056979660618715,289.4003556842219,113.43109855245866,7.851828998245435,15.4,34.96666666666667,
3.0,17,1000,6500,10,73.03056469092523,170.8863103751392,88.98178405077985,5.464562146177097,32.86666666666667,61.733333333333334,
3.0,17,1000,6500,15,71.7172973970756,234.8973382782343,90.6076770239203,5.611468990526435,31.566666666666666,60.4,
3.0,17,1000,6500,20,70.40509946874779,296.3080256463711,92.29185268546132,5.764045064565122,30.266666666666666,59.1,
3.0,17,2000,5000,10,68.79312035272687,85.48066010608613,72.64596125342602,9.694835468687888,31.4,57.86666666666667,
3.0,17,2000,5000,15,63.92206759389436,121.1263041135646,78.17728607421925,10.55025772852833,27.366666666666667,53.13333333333333,
3.0,17,2000,5000,20,59.26701630872495,156.3035653010796,84.28695503514369,11.495758487046448,23.866666666666667,48.666666666666664,
3.0,17,2000,6500,10,88.22616863661683,89.58531674239678,73.64630836627741,9.457685602538973,40.96666666666667,75.26666666666667,
3.0,17,2000,6500,15,86.91634672373024,125.1763954071373,74.75248912149188,9.635429680703858,39.666666666666664,73.96666666666667,
3.0,17,2000,6500,20,85.60918609140852,160.3012110518304,75.89334057176072,9.818151033312242,38.4,72.66666666666667,
3.0,17,5000,5000,10,111.959053653078,49.12569583276125,44.64220838164626,14.877745045526133,53.333333333333336,96.03333333333333,
3.0,17,5000,5000,15,95.26614210411569,55.8518629626147,52.46587224609203,17.706881976179197,45.96666666666667,81.9,
3.0,17,5000,5000,20,90.57200876114226,64.11131247360527,55.168619809256676,18.70095652081395,42.03333333333333,77.33333333333333,
3.0,17,5000,6500,10,140.0358002894186,51.13804874319029,46.39470392683327,15.117517477482766,65.83333333333333,120.83333333333333,
3.0,17,5000,6500,15,118.98960374473897,57.70599431467947,54.606094752997514,18.03815963755619,56.9,103.0,
3.0,17,5000,6500,20,117.68934585035737,65.79231233656176,55.21055185928487,18.261699175651792,55.63333333333333,101.7,
3.0,19,1,5000,10,27.703238040258434,519.4177197798648,180.21252296600005,1.080650074844672,8.8,23.0,
3.0,19,1,5000,15,23.079386581811434,622.135716991883,216.28373585768588,2.015655617911462,6.7,18.533333333333335,
3.0,19,1,5000,20,18.7828503551213,710.4004360449111,265.61978030309103,3.3364014228405696,5.533333333333333,14.766666666666667,
3.0,19,1,6500,10,45.12387356595035,532.1591937523737,144.0525321962561,-0.02183956827529731,19.6,39.166666666666664,
3.0,19,1,6500,15,43.947382806872106,632.8513359225251,147.90685098313762,0.10853185200619371,18.433333333333334,38.0,
3.0,19,1,6500,20,42.77090178806445,719.8259363360628,151.96522471228553,0.25033175155761445,17.266666666666666,36.833333333333336,
3.0,19,50,5000,10,29.08168194926765,434.8444766047789,171.72772467879827,1.5828834027107974,10.066666666666666,23.833333333333332,
3.0,19,50,5000,15,24.684171537321966,527.0143787162457,202.2810637006161,2.625918331832018,7.866666666666666,19.833333333333332,
3.0,19,50,5000,20,20.78550219597425,606.8277811122692,240.14113147488126,3.974191439348426,6.5,16.566666666666666,
3.0,19,50,6500,10,46.414262254703,446.2307069383349,139.99531720811748,0.3082578863401583,20.1,39.766666666666666,
3.0,19,50,6500,15,45.237895923857465,536.6759598779466,143.62859604423988,0.4608025606624503,18.933333333333334,38.6,
3.0,19,50,6500,20,44.06163995293763,615.3802801674981,147.56084116228175,0.6252933957260093,17.766666666666666,37.43333333333333,
3.0,19,100,5000,10,30.5181810883802,407.1716841776853,163.66303473059443,1.616469035491235,9.766666666666667,24.466666666666665,
3.0,19,100,5000,15,25.8887876415024,495.3554021647137,192.8929090714797,2.6100840901748694,7.8,20.033333333333335,
3.0,19,100,5000,20,21.540916073991134,571.878233790182,231.57389668803546,3.9676134945850956,6.7,16.333333333333332,
3.0,19,100,6500,10,47.93907241151852,418.053210895501,135.51459594973872,0.5061764104145073,20.466666666666665,40.63333333333333,
3.0,19,100,6500,15,46.76260510464263,504.6113100673504,139.01469683393805,0.6519978378961172,19.3,39.46666666666667,
3.0,19,100,6500,20,45.586125824950095,580.0858766960677,142.59145370387594,0.8105527503383032,18.133333333333333,38.266666666666666,
3.0,19,500,5000,10,40.501584287347185,284.3696882086492,123.31799538732913,4.1310800100244265,15.466666666666667,32.9,
3.0,19,500,5000,15,36.013137954622,381.8828749327598,138.7251991714088,4.894902445144911,12.266666666666667,28.566666666666666,
3.0,19,500,5000,20,31.751595321391267,470.8617354986625,157.35522227118742,5.825193547318932,9.9,24.6,
3.0,19,500,6500,10,57.83305824127305,296.0474358354599,112.38621083085408,3.2873096238528996,25.5,48.766666666666666,
3.0,19,500,6500,15,56.65693083298185,392.457267737336,114.72455617337646,3.4177633170923283,24.333333333333332,47.6,
3.0,19,500,6500,20,55.481145213583595,480.5960957789988,117.15899011295772,3.5554183304974822,23.166666666666668,46.4,
3.0,19,1000,5000,10,50.026246301058634,163.3777407668884,99.8937427099546,6.6720711356470845,21.133333333333333,41.3,
3.0,19,1000,5000,15,45.625909260821615,227.7079847079834,109.5303481817934,7.480235705078356,17.7,37.03333333333333,
3.0,19,1000,5000,20,41.43873373776827,289.4003556842219,120.5397384714185,8.407854239209872,14.9,33.06666666666667,
3.0,19,1000,6500,10,67.32057241829585,170.8863103751392,96.51142958740589,6.039209827365253,30.433333333333334,56.93333333333333,
3.0,19,1000,6500,15,66.1451575767965,234.8973382782343,98.227223991114,6.192698404700439,29.266666666666666,55.766666666666666,
3.0,19,1000,6500,20,64.97188980853942,296.3080256463711,100.00267315216826,6.352048010307946,28.133333333333333,54.6,
3.0,19,2000,5000,10,64.47745019192972,85.48066010608613,77.48825434274099,10.41680178510367,29.8,54.333333333333336,
3.0,19,2000,5000,15,60.12524440643145,121.1263041135646,83.11651453909744,11.283507789163389,26.133333333333333,50.1,
3.0,19,2000,5000,20,55.96249822537807,156.3035653010796,89.30527684778217,12.23660677649111,22.966666666666665,46.06666666666667,
3.0,19,2000,6500,10,81.90725275953824,89.58531674239678,79.30711121046505,10.29074520482436,38.166666666666664,69.9,
3.0,19,2000,6500,15,80.73596349691229,125.1763954071373,80.45827639766051,10.474307427160523,37.03333333333333,68.73333333333333,
3.0,19,2000,6500,20,79.56741964894346,160.3012110518304,81.64347630764993,10.662750293031944,35.9,67.56666666666666,
3.0,19,5000,5000,10,111.13860149488251,49.45976273310592,44.96330783162169,14.99794800152549,52.733333333333334,95.23333333333333,
3.0,19,5000,5000,15,89.96223875163398,59.6333610006097,55.53137504707782,18.820261821525698,43.8,77.4,
3.0,19,5000,5000,20,85.73079146781826,64.11131247360527,58.29960433563048,19.825613439183922,40.233333333333334,73.3,
3.0,19,5000,6500,10,139.44844913029115,51.39419241318132,46.59403689212341,15.187538631987243,65.46666666666667,120.3,
3.0,19,5000,6500,15,111.33772352645626,61.7120691673033,58.339162811907826,19.37188275579178,53.4,96.33333333333333,
3.0,19,5000,6500,20,110.14427436724739,65.79231233656176,58.9852332020768,19.6091215230214,52.266666666666666,95.16666666666667,
3.0,25,1,5000,10,22.251255900554465,519.4177197798648,224.37499109064962,1.8186326542374764,7.933333333333334,18.7,
3.0,25,1,5000,15,18.934112425608735,622.135716991883,263.34125230483824,2.91544982797407,6.333333333333333,15.6,
3.0,25,1,5000,20,16.03116517115314,710.4004360449111,311.37630001338607,4.344759958700541,5.333333333333333,13.066666666666666,
3.0,25,1,6500,10,35.417383619795785,532.1591937523737,183.45009619864598,0.5549679932287662,15.633333333333333,30.866666666666667,
3.0,25,1,6500,15,34.523321680551206,632.8513359225251,188.2637271008816,0.7162122113187459,14.733333333333333,29.966666666666665,
3.0,25,1,6500,20,33.6293416972605,719.8259363360628,193.32754488570464,0.8919801557300623,13.866666666666667,29.066666666666666,
3.0,25,50,5000,10,23.997456842438282,434.8444766047789,208.17398490162992,2.524164942387752,9.1,20.233333333333334,
3.0,25,50,5000,15,20.8725018799521,527.0143787162457,239.00661820083698,3.648952716152662,7.4,17.333333333333332,
3.0,25,50,5000,20,18.099589681169718,606.8277811122692,275.8927052000642,5.041674615485342,6.266666666666667,14.866666666666667,
3.0,25,50,6500,10,36.967041454221636,446.2307069383349,175.65985122379377,1.209334933496162,16.5,32.1,
3.0,25,50,6500,15,36.07462910383918,536.6759598779466,180.06791123323606,1.3876592064694175,15.633333333333333,31.2,
3.0,25,50,6500,20,35.1835091662734,615.3802801674981,184.69608037371017,1.5815039765034573,14.766666666666667,30.333333333333332,
3.0,25,100,5000,10,24.431241300504283,407.1716841776853,204.45723966931655,2.4206625807632163,8.833333333333334,19.9,
3.0,25,100,5000,15,21.10307834321425,495.3554021647137,236.3363694950842,3.6271290812478005,7.466666666666667,16.866666666666667,
3.0,25,100,5000,20,18.217798484864083,571.878233790182,273.8756076885655,5.138699221752809,6.5,14.533333333333333,
3.0,25,100,6500,10,37.61282864248057,418.053210895501,172.68693722807592,1.1079624523221998,16.3,32.03333333333333,
3.0,25,100,6500,15,36.718738792472315,504.6113100673504,176.94582268361023,1.296379642462868,15.4,31.133333333333333,
3.0,25,100,6500,20,35.824736076444985,580.0858766960677,181.41287928379376,1.4992853324766642,14.533333333333333,30.233333333333334,
3.0,25,500,5000,10,33.62310219986442,284.3696882086492,148.59565309048895,5.207879298216915,13.566666666666666,27.6,
3.0,25,500,5000,15,30.274358997263782,381.8828749327598,164.95006197464943,6.03470478260381,11.1,24.366666666666667,
3.0,25,500,5000,20,27.113083428827952,470.8617354986625,184.19707148090896,7.015207069463453,9.2,21.433333333333334,
3.0,25,500,6500,10,46.75731398328732,296.0474358354599,138.96240671860758,4.409721155054796,20.9,39.53333333333333,
3.0,25,500,6500,15,45.86407839048298,392.457267737336,141.7189954180587,4.5587343464875465,20.0,38.666666666666664,
3.0,25,500,6500,20,44.97151236039748,480.5960957789988,144.47518785249605,4.716820651422565,19.133333333333333,37.766666666666666,
3.0,25,1000,5000,10,42.21851891554745,163.3777407668884,118.33450367441007,8.10666394537788,18.566666666666666,35.1,
3.0,25,1000,5000,15,38.9048378302483,227.7079847079834,128.36905391731852,8.955203662614705,15.9,31.9,
3.0,25,1000,5000,20,35.75123147618372,289.4003556842219,139.73624189069062,9.911875015961899,13.666666666666666,28.9,
3.0,25,1000,6500,10,55.377789941154944,170.8863103751392,117.2896698976218,7.639991347311267,25.333333333333332,46.93333333333333,
3.0,25,1000,6500,15,54.4863165684904,234.8973382782343,119.24221456470437,7.809616387866971,24.466666666666665,46.06666666666667,
3.0,25,1000,6500,20,53.59643929365857,296.3080256463711,121.26034801027981,7.985761984886713,23.6,45.166666666666664,
3.0,25,2000,5000,10,55.125937506070166,98.27098071585792,90.64869851607779,12.378156221630793,26.166666666666668,46.63333333333333,
3.0,25,2000,5000,15,51.82498134408878,121.1263041135646,96.42110304543846,13.271345998329135,23.333333333333332,43.4,
3.0,25,2000,5000,20,48.65868193003347,156.3035653010796,102.69582235826991,14.2410537099675,20.8,40.36666666666667,
3.0,25,2000,6500,10,68.48608043214296,102.1617318750512,94.85356887760976,12.580563295740962,32.2,58.46666666666667,
3.0,25,2000,6500,15,67.59719043317524,125.1763954071373,96.12282102366287,12.777829739134459,31.333333333333332,57.6,
3.0,25,2000,6500,20,66.71085702983787,160.3012110518304,97.37854166239649,12.980735305719161,30.466666666666665,56.7,
3.0,25,5000,5000,10,109.76400565538695,50.02104840354965,45.53606540721416,15.202558885438556,51.733333333333334,93.96666666666667,
3.0,25,5000,5000,15,85.5581224846002,63.76483880470404,58.41462532345558,19.853453718478697,40.666666666666664,73.2,
3.0,25,5000,5000,20,74.90556215313566,71.08596159174398,66.64370567271735,22.87874620476974,36.03333333333333,64.23333333333333,
3.0,25,5000,6500,10,138.33623195664148,51.85622894462492,46.96423658720166,15.321197362887117,64.86666666666666,119.3,
3.0,25,5000,6500,15,107.59969971176443,65.80154190821348,60.39205415254513,20.0999140986177,50.766666666666666,92.76666666666667,
3.0,25,5000,6500,20,93.79079818531822,73.10697469267855,69.2268217403158,23.28353334827478,44.86666666666667,81.06666666666666,
3.0,30,1,5000,10,19.5519321837136,519.4177197798648,255.2910069467617,2.4251612084649485,7.433333333333334,16.6,
3.0,30,1,5000,15,16.9306295044444,622.135716991883,294.8947298180265,3.606906970161399,6.1,14.166666666666666,
3.0,30,1,5000,20,14.674682967577072,710.4004360449111,339.6154282897735,5.0659256996219,5.2,12.166666666666666,
3.0,30,1,6500,10,30.4285148278983,532.1591937523737,213.5520846214832,1.0801435952601635,13.6,26.6,
3.0,30,1,6500,15,29.68388023219673,632.8513359225251,218.86886567743213,1.265488238681325,12.866666666666667,25.833333333333332,
3.0,30,1,6500,20,28.939738214345898,719.8259363360628,224.44479590636945,1.4671673413605666,12.133333333333333,25.1,
3.0,30,50,5000,10,21.407593168837415,434.8444766047789,233.06902288056068,3.223825963434663,8.533333333333333,18.233333333333334,
3.0,30,50,5000,15,18.85480533905585,527.0143787162457,264.72030596616065,4.4036838728148595,7.1,15.833333333333334,
3.0,30,50,5000,20,16.62486850176787,606.8277811122692,300.19437926500865,5.822667795319773,6.1,13.866666666666667,
3.0,30,50,6500,10,32.195894983880414,446.2307069383349,201.81077961525912,1.9174260158548717,14.533333333333333,28.1,
3.0,30,50,6500,15,31.452618143302217,536.6759598779466,206.55028543270834,2.1165871332335677,13.8,27.333333333333332,
3.0,30,50,6500,20,30.710708883419134,615.3802801674981,211.50665538479345,2.3322258306096937,13.1,26.6,
3.0,30,100,5000,10,21.359760531296615,407.1716841776853,233.7675011147392,3.11627907674302,8.4,17.633333333333333,
3.0,30,100,5000,15,18.82416847555825,495.3554021647137,265.1819609181799,4.445352116494995,7.233333333333333,15.433333333333334,
3.0,30,100,5000,20,16.715856034771985,571.878233790182,298.43476710416155,5.9905636140318475,6.366666666666666,13.733333333333333,
3.0,30,100,6500,10,32.22080935019092,418.053210895501,201.58615880030408,1.6538227157620315,14.166666666666666,27.533333333333335,
3.0,30,100,6500,15,31.476338091800667,504.6113100673504,206.31179448109637,1.8808493251607186,13.433333333333334,26.8,
3.0,30,100,6500,20,30.732494845495918,580.0858766960677,211.47986038704772,2.1227168765697884,12.733333333333333,26.033333333333335,
3.0,30,500,5000,10,29.889414663541814,284.3696882086492,167.13451222712396,6.0243348803354015,12.466666666666667,24.7,
3.0,30,500,5000,15,27.13133494514455,381.8828749327598,184.18088650013152,6.888569987039049,10.4,22.033333333333335,
3.0,30,500,5000,20,24.53273092175685,470.8617354986625,203.69586445810353,7.898138689741891,8.766666666666667,19.6,
3.0,30,500,6500,10,40.8196366056085,296.0474358354599,159.1401911623217,5.2886796033802375,18.433333333333334,34.6,
3.0,30,500,6500,15,40.07590557060972,392.457267737336,162.08416930564536,5.451311050367671,17.7,33.86666666666667,
3.0,30,500,6500,20,39.33312250581012,480.5960957789988,165.27112964310294,5.6219489370874145,16.966666666666665,33.13333333333333,
3.0,30,1000,5000,10,37.8535185641551,163.3777407668884,131.9727062175416,9.179022683741113,17.033333333333335,31.633333333333333,
3.0,30,1000,5000,15,35.10562479077253,227.7079847079834,142.24467001598438,10.051789762574016,14.8,28.966666666666665,
3.0,30,1000,5000,20,32.488118491416316,289.4003556842219,153.77214063582238,11.025386614145368,12.866666666666667,26.466666666666665,
3.0,30,1000,6500,10,48.845447618091164,170.8863103751392,132.96144119237647,8.861471131344569,22.533333333333335,41.46666666666667,
3.0,30,1000,6500,15,48.10339614589741,234.8973382782343,135.00463835361444,9.04249715317108,21.8,40.733333333333334,
3.0,30,1000,6500,20,47.36304072207453,296.3080256463711,137.20734552589667,9.229323402453732,21.066666666666666,40.0,
3.0,30,2000,5000,10,49.8127608590584,110.0387670160711,100.19042786948265,13.828139378088204,24.0,42.233333333333334,
3.0,30,2000,5000,15,47.0344197664066,121.1263041135646,106.18363683146747,14.747894549074557,21.6,39.53333333333333,
3.0,30,2000,5000,20,44.392195415967116,156.3035653010796,112.56180208728082,15.726682924395309,19.466666666666665,36.96666666666667,
3.0,30,2000,6500,10,61.04068374277632,114.5966931950787,106.32681497104574,14.293436918628663,28.833333333333332,52.13333333333333,
3.0,30,2000,6500,15,60.265079343030784,125.1763954071373,107.81405262051803,14.510792676610473,28.133333333333333,51.36666666666667,
3.0,30,2000,6500,20,59.52741791548788,160.3012110518304,109.1495663936599,14.722166749347135,27.4,50.63333333333333,
3.0,30,5000,5000,10,109.13073268151341,50.2871017606495,45.800196324380366,15.29833920334504,51.3,93.36666666666666,
3.0,30,5000,5000,15,84.76327035281474,64.31167547780537,58.96532215563586,20.05309638770931,40.06666666666667,72.43333333333334,
3.0,30,5000,5000,20,70.08478823044807,77.44313743525544,71.3029416893154,24.53357954760358,33.56666666666667,59.93333333333333,
3.0,30,5000,6500,10,137.77382032880593,52.08700041736799,47.15719397029883,15.389348356318845,64.56666666666666,118.8,
3.0,30,5000,6500,15,107.03105214789285,66.21395218073832,60.711475730377394,20.21497854230064,50.43333333333333,92.23333333333333,
3.0,30,5000,6500,20,87.87163966677183,79.81175793951346,73.92639746610358,24.950228924514423,41.63333333333333,75.7,
3.0,35,1,5000,10,17.707374285786234,519.4177197798648,281.65969901261906,3.009741060560399,7.066666666666666,15.133333333333333,
3.0,35,1,5000,15,15.5578557309855,622.135716991883,320.76180474929697,4.244895282454058,5.9,13.133333333333333,
3.0,35,1,5000,20,13.713255013400106,710.4004360449111,363.494543131278,5.724769577876317,5.1,11.5,
3.0,35,1,6500,10,26.9410823309491,532.1591937523737,240.98312355943102,1.6296671458994938,12.166666666666666,23.6,
3.0,35,1,6500,15,26.303873954785534,632.8513359225251,246.8247882055657,1.836336813091377,11.566666666666666,22.966666666666665,
3.0,35,1,6500,20,25.6678701227563,719.8259363360628,252.94000823736272,2.060912558483112,10.933333333333334,22.333333333333332,
3.0,35,50,5000,10,19.51621783237455,434.8444766047789,255.7104919000558,3.88094076307377,8.1,16.733333333333334,
3.0,35,50,5000,15,17.40081479513382,527.0143787162457,286.4709100726267,5.100310198012758,6.833333333333333,14.766666666666667,
3.0,35,50,5000,20,15.552032744229706,606.8277811122692,320.74825113066356,6.53627409267353,5.933333333333334,13.1,
3.0,35,50,6500,10,28.696761487538417,446.2307069383349,226.393210557098,2.5867256114649346,13.1,25.1,
3.0,35,50,6500,15,28.06151325089495,536.6759598779466,231.5385543593809,2.806050075263232,12.5,24.466666666666665,
3.0,35,50,6500,20,27.4284405717532,615.3802801674981,236.9133252169604,3.043232581687962,11.9,23.833333333333332,
3.0,35,100,5000,10,19.371214959370533,407.1716841776853,257.4610133557677,3.8258020411912206,8.066666666666666,16.266666666666666,
3.0,35,100,5000,15,17.3969127439716,495.3554021647137,287.02391740717945,5.213958174057253,7.033333333333333,14.533333333333333,
3.0,35,100,5000,20,15.73139107623342,571.878233790182,317.3946732683062,6.761354045456779,6.233333333333333,13.133333333333333,
3.0,35,100,6500,10,28.473090669526265,418.053210895501,227.96914558277544,2.2901181434226374,12.733333333333333,24.466666666666665,
3.0,35,100,6500,15,27.839104763287686,504.6113100673504,233.18255639081755,2.552632710017331,12.133333333333333,23.833333333333332,
3.0,35,100,6500,20,27.20800191734377,580.0858766960677,238.63350506627268,2.830870916847825,11.566666666666666,23.2,
3.0,35,500,5000,10,27.150991531705117,284.3696882086492,183.93755529009093,6.783881441455936,11.633333333333333,22.566666666666666,
3.0,35,500,5000,15,24.808501992088036,381.8828749327598,201.2252358247945,7.676840632432581,9.833333333333334,20.3,
3.0,35,500,5000,20,22.603278990132484,470.8617354986625,220.78031964939044,8.706693247274726,8.4,18.233333333333334,
3.0,35,500,6500,10,36.516204468171836,296.0474358354599,177.85478467742834,6.124761633901833,16.6,31.033333333333335,
3.0,35,500,6500,15,35.879412065186735,392.457267737336,181.030227038683,6.298566995398872,16.0,30.4,
3.0,35,500,6500,20,35.2437370187452,480.5960957789988,184.31392238434742,6.4818274431416025,15.366666666666667,29.766666666666666,
3.0,35,1000,5000,10,34.58725573786387,163.3777407668884,144.42638069926068,10.1681523854789,15.866666666666667,29.0,
3.0,35,1000,5000,15,32.23972643947027,227.7079847079834,154.87587093423227,11.05988902106906,13.9,26.733333333333334,
3.0,35,1000,5000,20,30.001624010481784,289.4003556842219,166.39442870608454,12.046358362184476,12.233333333333333,24.566666666666666,
3.0,35,1000,6500,10,44.03984782935983,170.8863103751392,147.4358157999212,10.003559898762012,20.433333333333334,37.43333333333333,
3.0,35,1000,6500,15,43.404459255422985,234.8973382782343,149.60467545518273,10.193509688724772,19.833333333333332,36.8,
3.0,35,1000,6500,20,42.770815682877966,296.3080256463711,151.83762095973134,10.390282378458693,19.2,36.166666666666664,
3.0,35,2000,5000,10,47.4166879135791,118.1467260487848,105.37186542339009,14.595397697279953,22.466666666666665,39.96666666666667,
3.0,35,2000,5000,15,43.37025719919892,124.1276604339751,115.15200811666008,16.103184978989145,20.233333333333334,36.53333333333333,
3.0,35,2000,5000,20,41.10075737376418,156.3035653010796,121.49763375110723,17.08992787760626,18.366666666666667,34.333333333333336,
3.0,35,2000,6500,10,58.55278387263745,123.6080411867045,110.94467075794918,14.973986200057658,27.2,49.766666666666666,
3.0,35,2000,6500,15,54.789765678378316,127.5688689673227,118.56425312543433,16.115338045485156,25.7,46.733333333333334,
3.0,35,2000,6500,20,54.158057000653265,160.3012110518304,119.95794302395431,16.333604363277068,25.1,46.1,
3.0,35,5000,5000,10,108.70355441525962,50.47078606724949,45.968815983973094,15.363622758890656,51.03333333333333,93.0,
3.0,35,5000,5000,15,84.30471453411664,64.62844605188063,59.26827992642091,20.16975443338543,39.733333333333334,72.0,
3.0,35,5000,5000,20,69.19991680476348,78.47104687527255,72.22878417586296,24.866073473651046,32.8,59.06666666666667,
3.0,35,5000,6500,10,137.3786685757572,52.24975044839524,47.294264089636265,15.437541301057205,64.36666666666666,118.46666666666667,
3.0,35,5000,6500,15,106.65601283374049,66.47326334761742,60.9201538214718,20.291251446985893,50.233333333333334,91.9,
3.0,35,5000,6500,20,87.375460259876,80.49548464473962,74.34892548487562,25.101811352838673,41.3,75.23333333333333,
3.0,40,1,5000,10,16.361317110436946,519.4177197798648,305.12785701245576,3.571836412046377,6.766666666666667,14.066666666666666,
3.0,40,1,5000,15,14.543973025943355,622.135716991883,342.7772991563603,4.841103474672159,5.733333333333333,12.4,
3.0,40,1,5000,20,12.980794715638758,710.4004360449111,383.98487259864663,6.334260996326368,5.0,10.966666666666667,
3.0,40,1,6500,10,24.372300989812082,532.1591937523737,266.3036876575135,2.191425446871161,11.133333333333333,21.4,
3.0,40,1,6500,15,23.816460358121,632.8513359225251,272.6733370589657,2.41701848406285,10.6,20.833333333333332,
3.0,40,1,6500,20,23.26255003621555,719.8259363360628,279.3403134837519,2.6621243418811034,10.066666666666666,20.266666666666666,
3.0,40,50,5000,10,18.10946154904865,434.8444766047789,275.4375821995666,4.5061033571762765,7.766666666666667,15.633333333333333,
3.0,40,50,5000,15,16.3047193312633,527.0143787162457,305.74419531794,5.755037609833208,6.633333333333334,13.933333333333334,
3.0,40,50,5000,20,14.722595651008778,606.8277811122692,338.8724556886408,7.201508647131229,5.8,12.5,
3.0,40,50,6500,10,26.09679650749725,446.2307069383349,248.9198510600807,3.2554623723370106,12.033333333333333,22.866666666666667,
3.0,40,50,6500,15,25.54325758564018,536.6759598779466,254.15642087554428,3.4925488424576967,11.5,22.333333333333332,
3.0,40,50,6500,20,24.992672027340298,615.3802801674981,259.9457367706664,3.7480304819499475,11.0,21.766666666666666,
3.0,40,100,5000,10,18.032508581347233,407.1716841776853,276.95904322125085,4.525223603580454,7.8,15.333333333333334,
3.0,40,100,5000,15,16.4081857906052,495.3554021647137,303.90810957959604,5.9317905386302865,6.866666666666666,13.866666666666667,
3.0,40,100,5000,20,15.005933397558149,571.878233790182,332.17647268802136,7.466492628224667,6.1,12.666666666666666,
3.0,40,100,6500,10,25.838645214124767,418.053210895501,251.15433040777165,3.0122754686423705,11.766666666666667,22.333333333333332,
3.0,40,100,6500,15,25.29251299035305,504.6113100673504,256.8139051299627,3.3029456480265296,11.266666666666667,21.8,
3.0,40,100,6500,20,24.751622867333417,580.0858766960677,262.3746652060514,3.608669276227711,10.8,21.266666666666666,
3.0,40,500,5000,10,25.04218119884552,284.3696882086492,199.33587044655386,7.497398024478324,10.933333333333334,20.9,
3.0,40,500,5000,15,23.007218606539467,381.8828749327598,216.93536619279433,8.413187436412963,9.366666666666667,18.933333333333334,
3.0,40,500,5000,20,21.0918218979784,470.8617354986625,236.8048619689172,9.46050498595515,8.1,17.133333333333333,
3.0,40,500,6500,10,33.2400252147697,296.0474358354599,195.30594601551752,6.924448547900081,15.233333333333333,28.3,
3.0,40,500,6500,15,32.68344900183015,392.457267737336,198.72856136894163,7.107533977514991,14.666666666666666,27.733333333333334,
3.0,40,500,6500,20,32.128179133757534,480.5960957789988,202.26864205483054,7.3007440555696235,14.133333333333333,27.166666666666668,
3.0,40,1000,5000,10,32.032964590364635,168.8259802040983,155.99255474856218,11.090641701232778,14.9,26.933333333333334,
3.0,40,1000,5000,15,29.98363009017845,227.7079847079834,166.5705369554271,11.997966959982321,13.2,24.966666666666665,
3.0,40,1000,5000,20,28.028107647479867,289.4003556842219,178.25644934450017,12.995044480956754,11.7,23.066666666666666,
3.0,40,1000,6500,10,40.336269172693996,174.6968108383204,160.94103685340605,11.080374725903317,18.833333333333332,34.333333333333336,
3.0,40,1000,6500,15,39.7807986495882,234.8973382782343,163.25234202645973,11.27755534611843,18.266666666666666,33.8,
3.0,40,1000,6500,20,39.22707198847535,296.3080256463711,165.62961539125376,11.481730092277557,17.733333333333334,33.233333333333334,
3.0,40,2000,5000,10,46.7177939618451,120.0630937926245,106.94758511562334,14.837675568253017,21.866666666666667,39.3,
3.0,40,2000,5000,15,40.45244425178357,133.5640400809681,123.49523429873406,17.36265951707782,19.133333333333333,34.166666666666664,
3.0,40,2000,5000,20,38.46235031449465,156.3035653010796,129.91642685642515,18.355429971109118,17.466666666666665,32.233333333333334,
3.0,40,2000,6500,10,58.131977400783896,125.010782344617,111.77074988488623,15.095554301867754,26.933333333333334,49.36666666666667,
3.0,40,2000,6500,15,50.5146457636091,137.859774101301,128.5695840935972,17.616619902241844,23.8,43.1,
3.0,40,2000,6500,20,49.962385212548035,160.3012110518304,130.03605348176205,17.840411379047314,23.266666666666666,42.56666666666667,
3.0,40,5000,5000,10,108.39314370134957,50.60623840382385,46.109763388602516,15.41109162824738,50.833333333333336,92.7,
3.0,40,5000,5000,15,83.99500103118588,64.84712257994855,59.50274678157041,20.249045301609897,39.53333333333333,71.73333333333333,
3.0,40,5000,5000,20,68.79097391319982,78.89548339140296,72.64828622031817,25.022707305530396,32.5,58.666666666666664,
3.0,40,5000,6500,10,137.0845404549795,52.37095519767223,47.39767185996394,15.473514342118795,64.2,118.2,
3.0,40,5000,6500,15,106.38411694544114,66.65963021415882,61.0726809106985,20.346869160109456,50.06666666666667,91.66666666666667,
3.0,40,5000,6500,20,87.08863047378985,80.80884444617564,74.60441060478136,25.18961853471354,41.13333333333333,75.0,
3.0,55,1,5000,10,13.826541956988507,519.4177197798648,360.9486106017496,5.128940996561293,6.133333333333334,12.033333333333333,
3.0,55,1,5000,15,12.583977098008457,622.135716991883,396.2249120588833,6.460338432005377,5.333333333333333,10.866666666666667,
3.0,55,1,5000,20,11.500725636678176,710.4004360449111,432.81332647280595,7.965029379561913,4.733333333333333,9.866666666666667,
3.0,55,1,6500,10,19.574416479170516,532.1591937523737,331.43184698624367,3.888331066493491,9.133333333333333,17.233333333333334,
3.0,55,1,6500,15,19.175866606089567,632.8513359225251,338.38727088170566,4.158770222600212,8.766666666666667,16.866666666666667,
3.0,55,1,6500,20,18.780906318925066,719.8259363360628,345.62230216789504,4.450292093785305,8.4,16.466666666666665,
3.0,55,50,5000,10,15.3924435174495,434.8444766047789,324.2656026509809,6.230373335322905,7.0,13.433333333333334,
3.0,55,50,5000,15,14.136309482397467,527.0143787162457,352.4672971850846,7.529161201764794,6.133333333333334,12.233333333333333,
3.0,55,50,5000,20,13.021775930195231,606.8277811122692,383.0348996238894,8.990216053565788,5.466666666666667,11.2,
3.0,55,50,6500,10,21.178414738626216,446.2307069383349,306.38560058099426,5.218800296008412,10.0,18.666666666666668,
3.0,55,50,6500,15,20.7816942891493,536.6759598779466,312.32107820218823,5.495154948099887,9.633333333333333,18.266666666666666,
3.0,55,50,6500,20,20.389063599991434,615.3802801674981,318.47657833229295,5.791386178571448,9.266666666666667,17.866666666666667,
3.0,55,100,5000,10,15.675178165338366,407.1716841776853,318.100690769732,6.480548310490779,7.2,13.6,
3.0,55,100,5000,15,14.547345681195896,495.3554021647137,342.82206120759366,7.874758536196249,6.433333333333334,12.566666666666666,
3.0,55,100,5000,20,13.52542204180675,571.878233790182,368.9448501351882,9.366759606580768,5.766666666666667,11.6,
3.0,55,100,6500,10,21.3129503281559,418.053210895501,304.46212087438886,5.3545613496168984,10.066666666666666,18.666666666666668,
3.0,55,100,6500,15,20.932560114077,504.6113100673504,310.3201411525852,5.681410704209707,9.733333333333333,18.3,
3.0,55,100,6500,20,20.5581019045852,580.0858766960677,315.88962444866513,6.019774569552542,9.4,17.933333333333334,
3.0,55,500,5000,10,20.817721622429968,284.3696882086492,239.8018833520661,9.428987049438037,9.5,17.533333333333335,
3.0,55,500,5000,15,19.35853672585313,381.8828749327598,257.9661529764718,10.393660794513849,8.333333333333334,16.133333333333333,
3.0,55,500,5000,20,17.983506671346582,470.8617354986625,277.54657944349333,11.475034531432238,7.366666666666666,14.833333333333334,
3.0,55,500,6500,10,26.811024067581386,296.0474358354599,242.08138059255432,9.145152723207053,12.466666666666667,22.9,
3.0,55,500,6500,15,26.4076583046338,392.457267737336,245.79168623377345,9.3521816855802,12.1,22.5,
3.0,55,500,6500,20,26.005823902880916,480.5960957789988,249.60975906608812,9.569930349275841,11.7,22.1,
3.0,55,1000,5000,10,26.816749683354367,203.9870663401709,185.78204295465795,13.567906916420315,12.866666666666667,22.7,
3.0,55,1000,5000,15,25.32139525995463,227.7079847079834,197.23432544547902,14.508561585491353,11.6,21.266666666666666,
3.0,55,1000,5000,20,23.8999277507914,289.4003556842219,209.06332376907832,15.527504845799257,10.466666666666667,19.9,
3.0,55,1000,6500,10,32.94186857871253,212.2863169426317,196.68236507343397,14.007789323340972,15.566666666666666,28.133333333333333,
3.0,55,1000,6500,15,32.526291751632115,234.8973382782343,199.68552971411643,14.226438735585498,15.166666666666666,27.7,
3.0,55,1000,6500,20,32.12488457428913,296.3080256463711,202.19572239566864,14.449229275919174,14.766666666666667,27.3,
3.0,55,2000,5000,10,45.86614695547498,122.1377950364154,108.9631006569147,15.14242308610404,21.233333333333334,38.5,
3.0,55,2000,5000,15,36.005560674387134,154.1976425172732,138.70347783940807,19.688911365077235,16.933333333333334,30.3,
3.0,55,2000,5000,20,32.8689891813396,163.7232917550677,151.8911956556025,21.735710642655217,15.433333333333334,27.7,
3.0,55,2000,6500,10,57.50340942901718,126.6228369762532,112.93491091607503,15.279474065240818,26.566666666666666,48.8,
3.0,55,2000,6500,15,44.9387106334902,159.4549931020863,144.49414290820982,20.01997084136416,20.933333333333334,38.2,
3.0,55,2000,6500,20,41.39579254302013,167.8544074021966,156.92675273530006,21.894700879710182,19.5,35.333333333333336,
3.0,55,5000,5000,10,107.82148240259042,50.86155451227222,46.351835641030235,15.499336142637535,50.46666666666667,92.16666666666667,
3.0,55,5000,5000,15,83.4537041917891,65.24053421144129,59.88284670293555,20.388890883410557,39.166666666666664,71.23333333333333,
3.0,55,5000,5000,20,68.20252295463654,79.51594676389385,73.25155987069458,25.250900662124454,32.06666666666667,58.13333333333333,
3.0,55,5000,6500,10,136.52902539598708,52.60224092718728,47.59437544146419,15.54195126948941,63.9,117.7,
3.0,55,5000,6500,15,105.87709350582439,67.00627980943527,61.36084841880721,20.450974114089316,49.8,91.2,
3.0,55,5000,6500,20,86.59497666687267,81.32000718198586,75.03458111473884,25.34170337622624,40.86666666666667,74.53333333333333,
3.0,60,1,5000,10,13.25684176056841,519.4177197798648,376.35851404354867,5.612852255860384,5.966666666666667,11.566666666666666,
3.0,60,1,5000,15,12.131395897730235,622.135716991883,411.4171313619422,6.958196071221248,5.233333333333333,10.5,
3.0,60,1,5000,20,11.145958456895832,710.4004360449111,446.9899399017185,8.466022927492762,4.666666666666667,9.6,
3.0,60,1,6500,10,18.52157194773935,532.1591937523737,350.4629658525727,4.446491573741772,8.7,16.333333333333332,
3.0,60,1,6500,15,18.15812930665148,632.8513359225251,357.5849084073743,4.728584343507735,8.366666666666667,15.966666666666667,
3.0,60,1,6500,20,17.798551221435517,719.8259363360628,364.9836870773218,5.032118149495202,8.033333333333333,15.633333333333333,
3.0,60,50,5000,10,14.769546241006413,434.8444766047789,337.4164911195708,6.7640151321971915,6.8,12.933333333333334,
3.0,60,50,5000,15,13.627456651940133,527.0143787162457,366.2215502369322,8.075722066898077,6.0,11.833333333333334,
3.0,60,50,5000,20,12.610537763277895,606.8277811122692,395.16648179628385,9.534906030780036,5.4,10.9,
3.0,60,50,6500,10,20.08389180282562,446.2307069383349,323.1276882875795,5.852803043003799,9.533333333333333,17.7,
3.0,60,50,6500,15,19.7220249398142,536.6759598779466,329.1777821449538,6.139274628140656,9.2,17.366666666666667,
3.0,60,50,6500,20,19.364210147399334,615.3802801674981,335.43932250764067,6.445635986362518,8.866666666666667,17.0,
3.0,60,100,5000,10,15.146491902979824,407.1716841776853,329.27451419174776,7.085327224264782,7.033333333333333,13.2,
3.0,60,100,5000,15,14.10361631975609,495.3554021647137,353.3277939351942,8.46346295115807,6.3,12.2,
3.0,60,100,5000,20,13.150407234070427,571.878233790182,379.2123079193008,9.94041298428878,5.666666666666667,11.333333333333334,
3.0,60,100,6500,10,20.35953871509778,418.053210895501,318.8909766650533,6.125509830009491,9.666666666666666,17.866666666666667,
3.0,60,100,6500,15,20.012262291273416,504.6113100673504,324.2481621921559,6.453444832656889,9.366666666666667,17.533333333333335,
3.0,60,100,6500,20,19.67037791772698,580.0858766960677,329.7740778037217,6.792579484421361,9.066666666666666,17.2,
3.0,60,500,5000,10,19.8284791368673,284.3696882086492,251.88091613553027,10.018711347531323,9.166666666666666,16.766666666666666,
3.0,60,500,5000,15,18.49499080763785,381.8828749327598,270.03949671218174,10.995793550129832,8.066666666666666,15.466666666666667,
3.0,60,500,5000,20,17.237632646891317,470.8617354986625,289.32280528152637,12.085115746544881,7.166666666666667,14.266666666666667,
3.0,60,500,6500,10,25.33710811395967,296.0474358354599,256.06355193052366,9.837596075739691,11.833333333333334,21.666666666666668,
3.0,60,500,6500,15,24.967795020604783,392.457267737336,259.8685078633807,10.050793835702367,11.466666666666667,21.3,
3.0,60,500,6500,20,24.600007893947883,480.5960957789988,263.7797143450052,10.274888544422096,11.133333333333333,20.933333333333334,
3.0,60,1000,5000,10,25.704955000025617,215.0722293165075,194.207483478714,14.237874974868657,12.366666666666667,21.733333333333334,
3.0,60,1000,5000,15,24.199649212137086,227.7079847079834,206.4640073748859,15.267704134853156,11.2,20.366666666666667,
3.0,60,1000,5000,20,22.8961278236057,289.4003556842219,218.18552777821006,16.29282824447984,10.133333333333333,19.1,
3.0,60,1000,6500,10,31.49175024603955,223.9362319826909,206.22850991977154,14.759687708750729,14.8,26.8,
3.0,60,1000,6500,15,30.831754415331933,234.8973382782343,210.68560537612825,15.129818735218471,14.433333333333334,26.3,
3.0,60,1000,6500,20,30.46409911349695,296.3080256463711,213.24570829562745,15.357244757595403,14.066666666666666,25.933333333333334,
3.0,60,2000,5000,10,45.712584281692,122.5145874580713,109.28069180174653,15.198701991044864,21.133333333333333,38.333333333333336,
3.0,60,2000,5000,15,35.749155024767944,155.3128744789014,139.73450083649556,19.843020707420504,16.7,30.033333333333335,
3.0,60,2000,5000,20,31.495256850138283,171.5815775168834,158.30748704568484,22.757682225013934,14.9,26.6,
3.0,60,2000,6500,10,57.37443440840375,126.9401935444193,113.19663622769664,15.317541593267016,26.5,48.7,
3.0,60,2000,6500,15,44.786230722155146,160.2137077209716,145.03033583704476,20.095010018092577,20.833333333333332,38.06666666666667,
3.0,60,2000,6500,20,39.3601516601529,176.3631047582526,164.7532783194684,23.128660126362977,18.6,33.6,
3.0,60,5000,5000,10,107.69778681957163,50.91796863733648,46.409041737953835,15.518551552795204,50.36666666666667,92.06666666666666,
3.0,60,5000,5000,15,83.33988278285071,65.32531209181258,59.954706927767425,20.418501156609747,39.1,71.13333333333334,
3.0,60,5000,5000,20,68.08920294125356,79.63937062833983,73.39433481490687,25.295031581065448,32.0,58.03333333333333,
3.0,60,5000,6500,10,136.40577377569818,52.65364958864065,47.62927287171573,15.557164669677798,63.86666666666667,117.56666666666666,
3.0,60,5000,6500,15,105.7661787652704,67.08231396741272,61.43785859333458,20.473827773072582,49.766666666666666,91.1,
3.0,60,5000,6500,20,86.48987240756244,81.42743949437207,75.12129604720703,25.374268914151912,40.8,74.46666666666667,
